tree_id_new,tree_id_old,site_id,plot_id,spp,dist_m,az_deg,dec_deg,status,dbh,height_m,hdm_pa,b_lc,dmr_l,dmr_m,dmr_u,broom_pa,broom_pos,broom_stem,crown_class,dam_agent_1,dam_agent_2,path_ind_1,path_ind_2,crown_cond,outside_10,assessed_by,notes
m1,y58,cr_1,28,Hw,4.1,352.6,,LS,14.5,,Y,Y,2,1,1,Y,1,Y,S,,,-,-,1,,,
m2,y128,cr_1,28,Hw,4.3,343.7,,LL,14.7,,Y,Y,2,2,2,Y,4,Y,S,,,-,-,2,,,
m3,y15,cr_1,28,Cw,5.4,24.6,,DS,95,,-,-,-,-,-,-,-,-,-,AX,NB,-,-,-,,,
m4,y122,cr_1,28,Hw,8,9,,LS,43.9,25.6,Y,Y,2,2,2,Y,7,Y,C,,,-,-,1,,,
m5,y67,cr_1,28,Hw,8.5,37.7,,LS,11.2,,Y,Y,2,2,2,Y,1,Y,S,,,-,-,2,,,
m6,y21,cr_1,28,Hw,6.6,34.8,,LL,14.7,,Y,Y,2,2,2,Y,7,Y,S,,,-,-,2,,,
m7,y101,cr_1,28,Hw,5.3,51.9,,LS,27.9,29.7,Y,Y,2,2,2,Y,4,Y,C,,,1,-,1,,,m7 and m8 forked
m8,y13,cr_1,28,Hw,5.3,51.9,,LS,23.2,,Y,Y,2,2,2,Y,7,N,C,,,-,-,1,,,m7 and m8 forked
m9,y30,cr_1,28,Hw,8.3,46.7,,LS,21.2,,Y,Y,2,2,2,Y,7,Y,I,,,1,-,1,,,creek bank edge tree
m10,y14,cr_1,28,Hw,5,92.9,,LS,49.6,34.9,Y,Y,2,2,2,Y,7,N,C,,,-,-,1,,,m10 and m11 forked
m11,y115,cr_1,28,Hw,5,92.9,,LS,30,,Y,Y,2,2,1,Y,4,Y,I,,,1,-,2,,,m10 and m11 forked; dbh estimated; creek bank edge tree
m12,y52,cr_1,28,Hw,1,263.7,,LS,12.4,,Y,Y,2,1,2,Y,8,Y,S,,,-,-,1,,,
m13,w61,cr_1,27,Cw,2.5,333.1,,LS,16.4,,-,-,-,-,-,-,-,-,S,,,1,-,1,,,
m14,w19,cr_1,27,Hw,3.7,358.3,,LS,38.3,31.2,Y,Y,2,2,1,Y,4,Y,C,,,1,-,2,,,
m15,w20,cr_1,27,Hw,4.7,69.6,,LS,40.8,,Y,Y,2,2,2,Y,7,Y,C,,,-,-,2,,,
m16,w53,cr_1,27,Hw,7.2,76.4,,LS,39.9,,Y,Y,2,2,2,Y,7,N,C,,,-,-,1,,,"high on log, dbh estimated"
m17,w13,cr_1,27,Hw,4.1,154.2,,LS,26.2,,Y,Y,2,2,1,Y,4,N,I,,,-,-,1,,,
m18,w32,cr_1,27,Mb,6.2,161.4,,LS,69.5,,-,-,-,-,-,-,-,-,C,,,-,-,1,,,creek bank edge tree
m19,w3,cr_1,27,Hw,4.9,175.7,,LS,16.4,,Y,Y,2,2,1,Y,7,Y,I,,,-,-,1,,,
m20,w71,cr_1,27,Hw,5.6,206.5,,LS,23.8,,Y,Y,2,2,2,Y,7,Y,I,,,-,-,1,,,
m21,w100,cr_1,27,Hw,5.2,220.6,,LS,16.5,,Y,Y,2,2,1,Y,1,Y,S,,,1,-,1,,,
m22,w17,cr_1,27,Hw,6.6,211.3,,RD,12.4,,Y,Y,2,2,2,Y,1,N,-,DRA,,1,-,-,,,
m23,w7,cr_1,27,Hw,6.6,222.6,,LS,30.8,25.7,Y,Y,2,2,2,Y,7,Y,C,,,-,-,1,,,
m24,w121,cr_1,27,Hw,2,243.6,,LS,52.6,32.7,Y,Y,2,2,2,Y,7,Y,C,,,-,-,1,,,
m25,w52,cr_1,27,Hw,1.4,224.6,,RD,11.1,,Y,Y,2,2,2,Y,2,N,-,DRA,,,-,-,,,
m26,y20,cr_1,26,Mb,3.4,304.4,,LS,45.8,,-,-,-,-,-,-,-,-,C,,,1,-,1,,,
m27,y59,cr_1,26,Hw,3.8,322.1,,LS,38,26.8,Y,Y,2,2,2,Y,7,Y,C,,,-,-,1,,,
m28,y1,cr_1,26,Fd,1.9,337.9,,LS,84,,N,-,-,-,-,-,-,-,D,,,1,-,1,,,
m29,y126,cr_1,26,Hw,6.5,15,,LS,33.2,28.4,Y,Y,2,2,1,Y,4,Y,C,,,1,-,1,,,
m30,y53,cr_1,26,Cw,6.4,69,,LS,136,,-,-,-,-,-,-,-,-,D,AX,,-,-,1,,,
m31,y16,cr_1,26,Hw,3.3,105.4,,LS,28.5,,Y,Y,2,2,1,Y,4,Y,I,,,-,-,1,,,
m32,y130,cr_1,26,Hw,5.4,144.8,,LS,34,32.8,Y,Y,2,2,2,Y,7,Y,C,,,-,-,2,,,
m33,y10,cr_1,26,Hw,5.2,183.2,,LS,13.9,,Y,Y,2,1,1,Y,8,N,I,,,-,-,1,,,pg. 2/2
m34,w119,cr_1,26,Mb,10.1,187.1,,LS,47.8,,-,-,-,-,-,-,-,-,C,,,5,-,1,,,
m35,w25,cr_1,26,Hw,11.4,181.7,,LS,39.3,33,Y,Y,2,2,1,Y,4,Y,C,,,-,-,1,,,creek bank edge tree
m36,y12,cr_1,26,Hw,2.5,209.2,,SN,49.8,,Y,Y,-,-,-,-,-,-,-,AX,,-,-,-,,,
m37,y69,cr_1,26,Cw,5.2,233.6,,DS,9,,-,-,-,-,-,-,-,-,-,DRA,,-,-,-,,,
m38,y55,cr_1,26,Cw,6.7,234.1,,LS,13.2,,-,-,-,-,-,-,-,-,S,,,-,-,1,,,
m39,y23,cr_1,26,Cw,7.7,236.9,,LS,16,,-,-,-,-,-,-,-,-,S,,,-,-,1,,,
m40,w111,cr_1,25,Hw,7.3,268.5,,LS,41.2,27.7,Y,Y,2,2,1,Y,4,Y,C,,,1,-,1,,,
m41,w5,cr_1,25,Hw,5.6,36.7,,LS,48.3,31.9,Y,N,2,2,1,Y,4,Y,C,,,-,-,1,,,
m42,w66,cr_1,25,Hw,3.9,129.1,,LS,31.8,,Y,Y,2,2,1,Y,4,Y,C,,,1,-,1,,,
m43,w115,cr_1,25,Hw,3,170.9,,LS,16.5,,Y,Y,2,1,0,Y,1,Y,S,,,1,-,1,,,
m44,y101,mi_1,21,Hw,6.7,155.7,,LS,45.4,,Y,N,2,2,1,Y,4,N,C,AX,,-,-,1,,,"DBH @ 1.2m, 1.3m inaccessible"
m45,y100,mi_1,21,Hw,6,161.5,,LS,60.1,41.5,Y,N,2,2,1,Y,4,N,C,,,-,-,2,,,"DBH @ 1.2m, 1.3m inaccessible"
m46,y103,mi_1,21,Hw,4.8,133.1,,LS,12.5,,Y,Y,0,1,0,N,-,N,S,NX,,-,-,1,,,
m47,y105,mi_1,21,Ep,5.7,197.2,,DS,35.6,,-,-,-,-,-,-,-,-,-,,,5,6,-,,,
m48,y106,mi_1,21,Hw,4.8,212.8,,LS,14.1,,N,N,0,0,0,N,-,-,S,,,-,-,1,,,j shaped
m49,y107,mi_1,21,Hw,5.2,230,,LS,13.1,,N,N,0,0,0,N,-,-,S,,,1,-,2,,,
m50,y108,mi_1,21,Hw,4.5,238.4,,LS,57.5,40.6,Y,Y,1,1,0,N,-,-,C,,,-,-,1,,,
m51,y110,mi_1,21,Hw,2.8,291.1,,LS,23.8,,Y,Y,0,1,0,N,-,-,I,,,1,-,2,,,
m52,y115,mi_1,21,Hw,3.7,329.8,,LS,42.9,,Y,Y,2,0,1,Y,1,N,C,,,5,-,1,,,Leaning ~ 60 deg
m53,y116,mi_1,21,Cw,5.3,333.4,,LS,29.9,,-,-,-,-,-,-,-,-,I,,,-,-,1,,,
m54,y114,mi_1,21,Hw,4.4,23.4,,LS,39.1,,Y,Y,2,1,0,Y,1,N,C,,,-,-,1,,,
m55,y113,mi_1,21,Hw,4.7,66.5,,LS,60.4,,Y,Y,2,2,0,Y,4,N,C,AX,,1,-,1,,,forked with m56
m56,y112,mi_1,21,Hw,3.7,71.1,,LS,64.8,39.3,Y,Y,2,1,0,Y,4,N,C,,,1,-,1,,,forked with m55
m57,y111,mi_1,21,Hw,2.7,95.5,,LS,20.4,,N,N,0,0,0,N,-,-,S,,,-,-,2,,,
m58,w42,mi_1,22,Hw,6.4,179.4,,LS,14.6,,Y,Y,0,1,0,Y,8,N,S,,,-,-,1,,,
m59,w41,mi_1,22,Hw,8.5,195.3,,LS,20.8,,Y,Y,2,1,1,N,-,-,S,,,1,-,2,,,
m60,w45,mi_1,22,Hw,6.8,215.6,,DS,18.6,,N,-,-,-,-,-,-,-,S,DRA,,1,-,-,,,
m61,w44,mi_1,22,Hw,7.7,223,,LS,57,35.9,Y,Y,2,1,1,Y,1,N,C,,,-,-,1,,,
m62,w2,mi_1,22,Hw,4.3,294.4,,LS,20.3,,Y,Y,2,2,1,Y,1,N,I,,,-,-,1,,,
m63,w1,mi_1,22,Hw,2.3,306.2,,DS,17,,Y,-,-,-,-,-,-,-,-,DRA,,1,-,-,,,
m64,w34,mi_1,22,Hw,5.5,26.3,,LS,42.6,32.2,Y,Y,2,2,1,Y,7,N,I,,,1,-,1,,,
m65,w40,mi_1,22,Hw,3.5,38.8,,LS,19.7,,Y,Y,2,2,1,N,-,-,S,,,-,-,2,,,
m66,w38,mi_1,22,Hw,4,71.5,,DS,15.1,,Y,-,-,-,-,-,-,-,-,DRA,,-,-,-,,,
m67,w72,mi_1,22,Hw,6.2,58,,DS,11.3,,Y,-,-,-,-,-,-,-,-,DRA,,-,-,-,,,
m68,w71,mi_1,22,Hw,7,59,,LS,12.7,,Y,Y,0,0,0,N,-,-,S,NX,,-,-,1,,,
m69,w68,mi_1,22,Hw,7.9,63.1,,LS,13.5,,Y,Y,2,0,0,N,-,-,S,,,1,-,2,,,
m70,w3,mi_1,22,Hw,3,105,,LS,70,36.8,Y,Y,2,2,1,Y,7,N,D,AX,,-,-,1,,,
m71,y63,mi_1,23,Hw,7.5,251.1,,LS,90.3,40.9,Y,N,2,2,1,Y,4,N,D,AX,,-,-,1,,,
m72,y64,mi_1,23,Hw,3.1,141.4,,LS,40.2,27.2,Y,Y,2,1,1,Y,4,Y,C,,,1,-,1,,,
m73,y71,mi_1,23,Hw,2.5,187.8,,LS,21.9,,Y,Y,2,2,2,Y,7,N,I,NX,,1,-,2,,,
m74,y68,mi_1,23,Hw,4,206.2,,SN,9.4,,Y,-,-,-,-,-,-,-,-,,,5,6,-,,,
m75,y60,mi_1,23,Hw,5.3,223.2,,LS,17.9,,Y,N,1,0,1,N,-,-,S,,,1,4,2,,,
m76,y61,mi_1,23,Hw,4.9,256.9,,LS,13.3,,Y,N,0,1,0,N,-,-,S,,,-,-,2,,,
m77,y62,mi_1,23,Hw,3.2,298.2,,SN,10.4,,N,-,-,-,-,-,-,-,-,,,-,-,-,,,
m78,y70,mi_1,23,Hw,4.5,314.4,,LS,86.9,42.8,Y,Y,2,2,1,Y,7,N,D,,,-,-,2,,,
m79,y67,mi_1,23,Hw,5.9,336.7,,LS,18,,Y,Y,2,2,1,Y,4,Y,S,,,-,-,2,,,
m80,y36,mi_1,23,Hw,1.6,0.8,,LS,28.6,,Y,Y,2,1,0,Y,2,N,I,,,-,-,1,,,
m81,y58,mi_1,23,Hw,6.6,64.5,,DS,12,,Y,Y,-,-,-,-,-,-,-,DRA,,-,-,-,,,
m82,y69,mi_1,23,Hw,4.5,85.7,,LS,15.4,,Y,Y,1,1,1,N,-,-,I,,,-,-,1,,,
m83,w115,mi_1,24,Hw,5.5,258.2,,LS,34.6,,Y,Y,2,1,0,Y,4,N,I,,,-,-,1,,,forked with m84; leaning
m84,w150,mi_1,24,Hw,4.9,264.6,,LS,76.2,41,Y,Y,2,2,1,Y,4,N,D,NX,,-,-,1,,,forked with m83; leaning
m85,w116,mi_1,24,Hw,5.4,321.5,,LS,9.9,,N,-,-,-,-,-,-,-,S,,,-,-,1,,,forked top
m86,w120,mi_1,24,Hw,5.6,28,,DS,10.3,,Y,-,-,-,-,-,-,-,-,DRA,,-,-,-,,,
m87,w121,mi_1,24,Hw,5.1,39.2,,DS,9.8,,Y,-,-,-,-,-,-,-,-,,,-,-,-,,,
m88,w123,mi_1,24,Hw,6,63.3,,LS,98.1,45.1,Y,Y,2,2,1,Y,4,N,D,AX,,-,-,1,,,
m89,w124,mi_1,24,Hw,5.4,70.5,,LS,30.3,,Y,Y,1,1,0,N,-,-,S,,,-,-,1,,,
m90,w125,mi_1,24,Hw,2.9,148,,LS,52.4,32.4,Y,Y,2,1,0,Y,4,N,C,,,-,-,1,,,
m91,w122,mi_1,24,Hw,3.7,41.1,,LS,13.9,,Y,Y,1,1,1,N,-,-,S,,,-,-,1,,,
m92,y4,ph_1,36,Hw,3.1,238.9,,LS,19.8,,Y,N,1,0,0,N,-,N,I,,,,,1,,,Forked with m93
m93,y66,ph_1,36,Hw,3.1,238.9,,LS,21.7,,N,-,-,-,-,-,-,-,I,,,,,1,,,Forked with m92
m94,y123,ph_1,36,Hw,4.2,251.8,,LS,32.9,22.2,Y,Y,0,0,0,N,-,Y,C,,,,,1,,,
m95,y102,ph_1,36,Hw,4.4,315.4,,LS,39.7,25.7,N,-,-,-,-,-,-,-,C,,,,,1,,,Forked with m96
m96,y24,ph_1,36,Hw,4.4,315.4,,LS,12.7,,N,-,-,-,-,-,-,-,S,,,,,1,,,Forked with m95
m97,y64,ph_1,36,Hw,2.9,331.5,,LS,24.2,,N,-,-,-,-,-,-,-,I,,,1,5,1,,,
m98,y69,ph_1,36,Hw,2.2,357.3,,LS,27.2,,N,-,-,-,-,-,-,-,C,,,,,1,,,
m99,y14,ph_1,36,Hw,5.6,353.8,,LS,26,,N,-,-,-,-,-,-,-,I,DS,,,,1,,,Stem pustules
m100,y115,ph_1,36,Hw,6.1,0.1,,LS,19.8,,N,-,-,-,-,-,-,-,I,DS,,,,1,,,Stem pustules
m101,y113,ph_1,36,Hw,5,13.5,,LS,22.2,,N,-,-,-,-,-,-,-,I,,,,,1,,,
m102,y67,ph_1,36,Hw,5.6,29.3,,LS,13.1,,N,-,-,-,-,-,-,-,S,,,1,,1,,,
m103,y38,ph_1,36,Hw,4.7,54.1,,LS,9.4,,N,-,-,-,-,-,-,-,S,,,,,1,,,
m104,y111,ph_1,36,Hw,4.6,66.4,,LS,20.1,,Y,Y,0,0,0,Y,8,N,I,,,,,1,,,
m105,y103,ph_1,36,Hw,7,88.2,,LS,26.3,,Y,N,1,0,0,N,-,N,C,,,,,1,,,
m106,y7,ph_1,36,Hw,2.6,101.7,,LS,33,,N,-,-,-,-,-,-,-,C,,,,,1,,,Clump m106-m109
m107,y117,ph_1,36,Hw,2.6,101.7,,LS,15.6,,N,-,-,-,-,-,-,-,S,,,,,1,,,Clump m106-m110
m108,y119,ph_1,36,Hw,2.6,101.7,,LS,36.3,26.4,N,-,-,-,-,-,-,-,C,,,,,1,,,Clump m106-m111
m109,y45,ph_1,36,Hw,2.6,101.7,,LS,10.1,,N,-,-,-,-,-,-,-,S,,,1,,1,,,Clump m106-m112
m110,y6,ph_1,36,Hw,4.4,167.1,,LS,20.2,,N,-,-,-,-,-,-,-,I,,,,,1,,,
m111,y114,ph_1,36,Hw,5.8,187,,LS,39.1,,N,-,-,-,-,-,-,-,C,,,,,1,,,
m112,y70,ph_1,36,Hw,5.2,196,,LS,17.9,,N,-,-,-,-,-,-,-,I,,,,,1,,,
m113,y3,ph_1,36,Hw,5.4,196,,LS,18.1,,N,-,-,-,-,-,-,-,S,,,,,1,,,
m114,w20,ph_1,37,Hw,3,235.6,,LS,24.7,,Y,N,0,0,1,N,-,N,I,,,,,1,,,
m115,w10,ph_1,37,Hw,1.6,219,,LS,17.8,,Y,N,1,1,0,N,-,N,I,,,,,1,,,
m116,w7,ph_1,37,Hw,7.2,275,,SN,10.8,,N,-,-,-,-,-,-,-,-,,,,,3,,,
m117,w58,ph_1,37,Hw,7.8,279.6,,LS,47.7,,Y,Y,1,1,0,Y,8,N,C,,,,,1,,,
m118,w25,ph_1,37,Hw,5.3,304.9,,LS,38.8,27.3,Y,Y,2,0,0,Y,8,Y,C,,,,,1,,,
m119,w67,ph_1,37,Hw,4.2,288.2,,LS,34.8,,Y,Y,2,2,1,Y,7,Y,C,,,1,,1,,,
m120,w68,ph_1,37,Hw,2.3,278.2,,SN,14.5,,Y,-,-,-,-,-,-,-,-,,,,,3,,,
m121,w70,ph_1,37,Hw,5.8,329.8,,LS,43.9,,Y,Y,1,0,0,Y,8,N,C,,,,,1,,,
m122,w61,ph_1,37,Hw,7.4,340.6,,LS,14.1,,Y,N,1,1,0,Y,4,N,S,,,,,2,,,
m123,w108,ph_1,37,Hw,6.4,346.2,,LS,19.9,,Y,N,0,0,1,Y,3,N,I,,,5,,1,,,
m124,w66,ph_1,37,Hw,5.6,344.5,,LS,31,,N,-,-,-,-,-,-,-,C,DS,,2,,1,,,Stem pustules
m125,w103,ph_1,37,Hw,2.7,26.4,,LS,44.2,,Y,Y,1,0,0,Y,1,N,C,,,-,,1,,,
m126,w115,ph_1,37,Hw,2.3,90.7,,LS,52.8,34.2,Y,Y,0,0,0,N,-,N,D,,,-,,1,,,
m127,w105,ph_1,37,Hw,0.9,98.5,,LS,24,,Y,Y,0,0,0,N,-,N,I,,,1,,1,,,
m128,w110,ph_1,37,Hw,3.5,141,,SN,9.5,,N,-,-,-,-,-,-,-,-,,,,,4,,,
m129,w75,ph_1,37,Hw,5.9,133.7,,LS,17.8,,Y,N,0,1,0,N,-,-,I,,,,,1,,,
m130,w32,ph_1,37,Hw,6.3,137.7,,LS,10.1,,N,-,-,-,-,-,-,-,S,,,,,1,,,
m131,w13,ph_1,37,Hw,9.7,133,,LS,16.4,,N,-,-,-,-,-,-,-,I,,,,,1,,,
m132,w107,ph_1,37,Hw,9.6,117.1,,LS,23.9,,Y,N,1,1,0,N,-,N,I,,,,,1,,,
m133,w26,ph_1,37,Hw,7.8,114.2,,LS,43.8,,Y,Y,0,0,0,Y,8,N,C,,,,,1,,,
m134,w11,ph_1,37,Hw,8.3,144.3,,LS,23.4,,N,-,-,-,-,-,-,-,I,DS,,,,1,,,stem pustules
m135,w56,ph_1,37,Hw,8.8,143.3,,RD,13.2,,Y,-,1,1,1,N,-,N,-,DS,,,,3,,,stem pustules
m136,w125,ph_1,37,Hw,7.7,153,,LS,39.6,,N,-,-,-,-,-,-,-,C,DS,,,,1,,,stem pustules
m137,w40,ph_1,37,Hw,6.3,156.8,,LS,15.7,,N,-,-,-,-,-,-,-,S,,,,,1,,,
m138,w116,ph_1,37,Hw,4.8,178.3,,SN,16.3,,Y,-,-,-,-,-,-,-,-,,,,,2,,,
m139,w28,ph_1,37,Hw,8.5,180.5,,LS,40.5,22.5,Y,Y,0,0,0,Y,8,N,C,,,,,1,,,
m140,y39,ph_1,38,Hw,3.8,242,,LS,35,25,Y,Y,0,0,0,N,-,Y,C,,,,,1,,,Big stem infection at base
m141,y121,ph_1,38,Hw,4,250.9,,LS,19.8,,Y,N,0,1,0,N,-,N,I,,,1,,1,,,
m142,y62,ph_1,38,Hw,1.4,230.6,,LS,25.7,,Y,Y,1,0,0,N,-,N,C,,,,,1,,,
m143,y54,ph_1,38,Hw,2.3,329.2,,LS,34.8,22.2,Y,Y,1,1,0,Y,1,N,C,,,,,1,,,
m144,y47,ph_1,38,Hw,3.4,346.3,,LS,16.2,,Y,Y,0,0,0,N,-,N,I,,,,,2,,,
m145,y61,ph_1,38,Hw,4.6,327.4,,LS,22.3,,Y,Y,2,1,1,Y,4,Y,I,,,,,1,,,
m146,y23,ph_1,38,Hw,5.5,309.9,,LS,24.1,,Y,Y,0,0,0,N,-,N,I,DS,,,,1,,,stem pustules
m147,y120,ph_1,38,Hw,6,313.8,,LS,32.9,,Y,N,0,1,0,N,-,N,C,,,,,1,,,forked with m148
m148,y27,ph_1,38,Hw,6,313.8,,LS,34.5,,Y,N,1,1,0,Y,4,N,C,,,,,1,,,forked with m147
m149,y130,ph_1,38,Hw,2.7,22.9,,LS,31.7,,Y,Y,2,1,1,Y,8,N,I,,,,,1,,,
m150,y31,ph_1,38,Hw,7.2,2,,LS,22.7,,Y,N,2,0,0,Y,1,N,I,,,,,1,,,
m151,y8,ph_1,38,Hw,4.5,27.9,,LS,55.5,33.2,Y,Y,2,2,2,Y,7,Y,D,,,,,1,,,
m152,y109,ph_1,38,Hw,3.4,58.4,,RD,16.9,,Y,N,1,0,0,N,-,N,-,,,,,3,,,
m153,y11,ph_1,38,Hw,3.2,47,,LS,20.1,,Y,Y,2,2,2,Y,7,Y,I,,,1,,1,,,
m154,y57,ph_1,38,Hw,3.2,79,,LS,46.7,,Y,Y,2,1,0,Y,4,Y,C,,,-,,1,,,
m155,y68,ph_1,38,Hw,1.4,119.2,,LS,20.8,,N,-,-,-,-,-,-,-,I,,,1,,1,,,
m156,y18,ph_1,38,Hw,4.4,170,,LS,35.9,26.2,N,-,-,-,-,-,-,-,C,,,-,,1,,,
m157,y49,ph_1,38,Hw,4.6,203,,LS,21.7,,N,-,-,-,-,-,-,-,I,,,1,,1,,,
m158,w124,ph_1,39,Hw,4.1,299.1,,LL,21,,N,-,-,-,-,-,-,-,S,,,1,,1,,,
m159,w69,ph_1,39,Hw,3.3,277.9,,RD,9.7,,Y,-,1,0,0,N,-,N,-,,,-,,3,,,
m160,w47,ph_1,39,Hw,4.7,309.2,,LS,18.3,,Y,Y,1,1,1,Y,2,N,S,,,1,,1,,,
m161,w45,ph_1,39,Hw,5,314.4,,SN,65,,-,-,-,-,-,-,-,-,-,,,-,,6,,,
m162,w35,ph_1,39,Hw,4.8,352.6,,LS,38.2,,Y,Y,2,0,0,Y,1,N,C,,,-,,1,,,
m163,w109,ph_1,39,Hw,4.8,11.5,,LS,11.5,,N,-,-,-,-,-,-,-,S,DS,,7,,1,,,Stem pustules
m164,w43,ph_1,39,Hw,5,65.1,,LS,66.3,34,Y,Y,2,2,1,Y,4,Y,D,,,-,,1,,,
m165,w30,ph_1,39,Hw,6.2,99.4,,LS,21,,Y,N,0,0,1,N,-,N,I,,,-,,1,,,
m166,w121,ph_1,39,Hw,6.2,106.2,,LS,24.3,,Y,Y,1,1,0,Y,4,N,I,,,-,,1,,,
m167,w76,ph_1,39,Hw,6.9,117.6,,LS,19.2,,Y,Y,2,1,0,Y,2,N,I,,,-,,1,,,
m168,w29,ph_1,39,Hw,7.7,137.9,,LS,84.2,32.5,Y,Y,2,2,2,Y,7,Y,D,,,2,4,2,,,
m169,w23,ph_1,39,Hw,8.9,142.5,,DS,14.7,,Y,-,-,-,-,-,-,-,S,,,-,,2,,,forked with m170
m170,w120,ph_1,39,Hw,8.9,142.5,,LS,16.1,,Y,Y,1,1,1,Y,8,N,S,,,-,,1,,,forked with m169
m171,w102,ph_1,39,Hw,4.9,161.4,,LS,19.1,,Y,Y,2,1,0,Y,1,N,S,,,1,,1,,,DBH taken higher because of stem infection
m172,w9,ph_1,39,Hw,5.4,147.5,,DS,10.9,,Y,-,2,1,0,Y,4,Y,-,,,-,,3,,,
m173,w4,ph_1,39,Hw,2.6,131,,LS,11.4,,Y,Y,0,0,0,N,-,-,S,,,,,1,,,
m174,w16,ph_1,39,Hw,4,119.8,,LS,20.3,,Y,Y,2,1,0,Y,4,N,I,,,,,1,,,
m175,w53,ph_1,39,Hw,5.8,126.7,,LL,15.9,,Y,Y,0,0,0,Y,8,N,S,,,,,1,,,
m176,w2,ph_1,39,Bl,2.8,228.7,,LS,81.5,,N,-,-,-,-,-,-,-,D,,,,,1,,,
m177,w54,ph_1,39,Hw,4.7,228.7,,LS,11.8,,N,-,-,-,-,-,-,-,S,,,,,1,,,
m178,y7,cr_2,29,Fd,5.8,198.9,,LS,35.6,,-,-,-,-,-,-,-,-,C,,,,,1,,,
m179,y122,cr_2,29,Fd,2,118.1,,LS,87.4,,-,-,-,-,-,-,-,-,D,,,,,1,,,
m180,y129,cr_2,29,Hw,4.3,135.9,,LS,15.2,,Y,N,0,1,0,N,-,N,S,,,,,1,,,
m181,y36,cr_2,29,Hw,3.7,74.2,,LS,47.7,38,Y,Y,2,1,1,Y,4,N,C,,,,,1,,,
m182,y4000,cr_2,29,Hw,1.1,46.2,,LS,42.9,32.7,Y,Y,2,2,1,Y,4,N,C,,,,,1,,,
m183,y65,cr_2,29,Hw,1.2,350,,LS,24.3,,Y,N,2,2,1,Y,4,Y,I,,,,,1,,,
m184,y58,cr_2,29,Hw,2.9,350,,LS,21.2,,Y,Y,1,0,0,N,-,N,I,,,1,,1,,,
m185,y127,cr_2,29,Hw,2.9,350,,LS,49.5,36.3,Y,Y,2,0,0,Y,1,N,C,,,,,1,,,
m186,y105,cr_2,29,Hw,7.9,118.1,,SN,13.8,,-,-,-,-,-,-,-,-,-,,,,,5,,,
m187,w111,cr_2,30,Hw,2.9,56.9,,SN,15.5,,-,-,-,-,-,-,-,-,-,,,,,6,,,
m188,w8,cr_2,30,Hw,2.3,90,,LS,46.8,32.2,Y,Y,2,2,2,Y,7,N,C,,,,,1,,,
m189,w66,cr_2,30,Hw,3.7,83.6,,LS,44.8,40.2,Y,Y,2,1,1,Y,4,N,C,,,,,1,,,
m190,w22,cr_2,30,Mb,2.6,187.1,,LS,38.3,,N,-,-,-,-,-,-,-,I,,,4,,1,,,
m191,w50,cr_2,30,Hw,5.3,106.1,,LS,66.5,,Y,Y,2,2,1,Y,8,N,D,,,,,1,,,
m192,w112,cr_2,30,Fd,5.7,162.8,,LS,23.6,,Y,-,-,-,-,-,-,-,C,,,,,1,,,possible hdm
m193,w65,cr_2,30,Hw,6.5,155.3,,LS,49,,Y,Y,1,1,1,N,-,N,D,,,,,1,,,
m194,w124,cr_2,30,Hw,6.3,164.5,,LS,21.4,,Y,N,2,2,1,Y,1,N,I,,,,,1,,,
m195,w120,cr_2,30,Hw,5.9,205.3,,LS,47.2,,Y,Y,2,2,2,Y,4,N,C,,,,,1,,,Forked with m196
m196,w3,cr_2,30,Hw,5.9,105.3,,SN,19.4,,Y,-,-,-,-,-,-,-,-,,,,,4,,,Forked with m195
m197,w1,cr_2,30,Fd,6.2,256.5,,LS,67.4,,-,-,-,-,-,-,-,-,D,,,,,1,,,
m198,w52,cr_2,30,Fd,4.5,248.9,,LS,50.3,,-,-,-,-,-,-,-,-,C,,,,,1,,,
m199,w56,cr_2,30,Hw,1.9,253.9,,LS,20.9,,Y,Y,2,1,1,Y,8,N,S,,,,,1,,,
m200,w71,cr_2,30,Fd,2.5,278.4,,LS,32.4,,-,-,-,-,-,-,-,-,C,,,,,1,,,
m201,w101,cr_2,30,Hw,5.1,298.5,,LS,25.6,,Y,Y,1,0,1,N,-,Y,I,IB,,1,,1,,,forked with m202
m202,w13,cr_2,30,Hw,5.1,298.5,,RD,20.7,,Y,Y,2,1,1,N,-,-,-,IB,Ax,1,,2,,,formed with m201
m203,w5,cr_2,30,Fd,6.2,278.4,,LS,71.2,,-,-,-,-,-,-,-,-,D,,,-,,1,,,
m204,y64,cr_2,31,Cw,2.3,342.8,,LS,92.5,,-,-,-,-,-,-,-,-,D,,,1,,1,,,
m205,y32,cr_2,31,Hw,4.2,43.1,,SN,9.7,,-,-,-,-,-,-,-,-,-,,,-,,6,,,
m206,y9,cr_2,31,Hw,4.3,66.8,,LS,59.5,34,Y,Y,2,2,1,Y,4,Y,D,,,-,,1,,,
m207,y130,cr_2,31,Cw,3.1,68,,LS,45,,N,-,-,-,-,-,-,-,I,,,1,2,1,,,
m208,y115,cr_2,31,Fd,5.9,131.3,,LS,40.3,,N,-,-,-,-,-,-,-,C,,,,,1,,,
m209,y1,cr_2,31,Hw,3.5,185.7,,SN,44.9,,Y,-,-,-,-,-,-,-,-,,,,,4,,,forked with m210
m210,y125,cr_2,31,Hw,3.5,185.7,,SN,25.2,,Y,N,-,-,-,-,-,-,-,,,,,4,,,forked with m209
m211,y57,cr_2,31,Hw,4,247.8,,RD,17.1,,Y,N,2,2,2,Y,4,N,S,,,,,2,,,
m212,y103,cr_2,31,Cw,5.9,247.4,,LS,13.4,,-,-,-,-,-,-,-,-,S,,,,,1,,,
m213,w10,cr_2,35,Cw,3.9,344.3,,LS,94.8,,-,-,-,-,-,-,-,-,D,,,,,1,,,
m214,w42,cr_2,35,Cw,3.3,3.4,,LS,78.2,,-,-,-,-,-,-,-,-,D,IB,,,,1,,,
m215,w25,cr_2,35,Cw,2.5,17.1,,LS,49.8,,-,-,-,-,-,-,-,-,C,,,,,1,,,
m216,w119,cr_2,35,Fd,8.4,50.4,,LS,31.7,,N,-,-,-,-,-,-,-,C,,,1,,1,,,
m217,w108,cr_2,35,Hw,7.7,62.7,,LS,34.7,25.2,Y,Y,2,2,2,Y,7,Y,C,IB,,1,,2,,,
m218,w107,cr_2,35,Hw,3.7,69.3,,LS,36,29.6,Y,Y,2,2,2,Y,4,Y,C,,,-,,2,,,
m219,w11,cr_2,35,Hw,4.2,84.2,,LL,36.6,26,Y,Y,2,2,1,Y,1,Y,C,,,2,,1,,,
m220,w35,cr_2,35,Hw,7.1,95.7,,LL,38.3,,Y,Y,2,2,2,Y,7,Y,C,,,-,,1,,,
m221,w76,cr_2,35,Hw,4.6,123.8,,LS,35.8,27.6,Y,Y,2,2,1,Y,8,Y,C,,,-,,2,,,
m222,w30,cr_2,35,Hw,2.6,220.6,,LS,10.8,,Y,N,1,1,0,N,-,-,S,,,-,,2,,,forked with m223
m223,w117,cr_2,35,Hw,2.6,220.6,,LS,11.5,,Y,N,1,1,0,Y,1,N,S,,,3,,1,,,forked with m222
m224,y55,cr_2,30,Hw,6.7,69.6,,LS,48.5,36.2,Y,Y,2,2,1,Y,4,Y,C,IB,AX,1,,1,,,forked with m225
m225,w7000,cr_2,30,Hw,6.7,69.6,,LS,23,,Y,Y,2,2,2,Y,1,Y,I,,,,,1,,,forled with m224
m226,y48,cr_2,31,Cw,8.6,66.8,,LS,18,,-,-,-,-,-,-,-,-,S,,,,,1,,,
m227,y7001,cr_2,35,Hw,8.7,35.4,,LS,34.7,24.5,Y,Y,2,1,1,Y,1,Y,C,,,,,1,,,
m228,y17,cr_2,31,Hw,6,328.2,,LS,39.4,,Y,Y,2,2,2,Y,7,Y,I,,,,,1,,,
m229,w108,mk_2,6,Cw,7.8,276,,LS,77,,N,-,-,-,-,-,-,-,C,,,2,5,1,N,,
m230,w51,mk_2,6,Hw,7.1,290.5,,LS,62.3,39.1,Y,Y,2,1,1,Y,4,N,C,IB,AX,1,,1,N,,
m231,w63,mk_2,6,Hw,7,327.6,,LS,51.3,,Y,Y,2,1,0,Y,4,N,C,,,,,1,N,,
m232,w123,mk_2,6,Hw,4.7,330,,LS,9.6,,Y,Y,1,1,0,N,-,N,S,,,,,1,N,,
m233,w75,mk_2,6,Hw,9.6,276,,LS,11.2,,Y,Y,0,0,0,N,-,Y,S,,,,,1,N,,
m234,w46,mk_2,6,Hw,10.6,270.3,,LS,9.2,,N,-,-,-,-,-,-,-,S,,,,,1,N,,
m235,w32,mk_2,6,Hw,7.1,230.5,,LS,44.7,,Y,N,1,1,0,Y,2,N,C,,,1,,1,N,,
m236,w61,mk_2,6,Hw,6.4,214.6,,LS,10.4,,N,-,-,-,-,-,-,-,S,,,-,,1,N,,
m237,w71,mk_2,6,Cw,8.3,203.6,,LS,31.5,,N,-,-,-,-,-,-,-,I,,,5,,1,Y,,
m238,w36,mk_2,6,Hw,6.6,195.2,,LS,50.4,,Y,Y,1,1,0,N,-,N,C,,,-,,1,Y,,
m239,w5,mk_2,6,Hw,6.7,149,,LS,39.7,38.1,Y,N,0,1,0,N,-,N,C,,,-,,1,Y,,
m240,w65,mk_2,6,Hw,1.4,257.3,,LS,38.2,,Y,N,0,1,0,N,-,N,C,,,1,,1,N,,
m241,w26,mk_2,6,Hw,1.2,320.5,,LS,38.2,,Y,Y,1,0,0,Y,1,N,I,,,1,,1,N,,
m242,w67,mk_2,6,Fd,2.3,345,,LS,67.3,,N,-,-,-,-,-,-,-,C,,,-,,2,N,,
m243,w102,mk_2,6,Cw,1.3,90.2,,LS,17.3,,N,-,-,-,-,-,-,-,S,,,1,2,1,N,,
m244,y46,mk_2,7,Cw,5.3,285.4,,LS,23.5,,N,-,-,-,-,-,-,-,S,,,1,,1,N,,
m245,y48,mk_2,7,Hw,4.6,312.8,,LS,15.2,,Y,N,1,1,0,N,-,N,S,NX,,-,,1,N,,
m246,y70,mk_2,7,Hw,4.8,23,,LS,9.9,,N,-,-,-,-,-,-,-,S,,,-,,1,N,,
m247,y34,mk_2,7,Hw,6.6,353,,LS,53.2,,Y,N,1,1,0,N,-,N,C,IB,AX,-,,1,N,,
m248,y16,mk_2,7,Hw,8.2,52.2,,LS,30.2,,Y,N,2,2,2,Y,7,N,S,,,1,,1,N,,
m249,y129,mk_2,7,Fd,4.1,66.2,,SN,106.5,,N,-,-,-,-,-,-,-,-,,,-,,-,N,,
m250,y128,mk_2,7,Hw,2.2,68.5,,LS,44.7,,Y,N,1,1,0,N,-,N,C,,,1,,1,N,,
m251,y69,mk_2,7,Hw,0.5,36,,LS,20.9,,Y,N,1,2,1,N,-,N,S,,,-,,2,N,,
m252,y56,mk_2,7,Hw,1.4,138.9,,LS,56.8,43.8,Y,N,1,1,0,N,-,N,C,IB,AX,1,,1,N,,
m253,y51,mk_2,7,Hw,3.9,156.3,,LS,36.4,,Y,N,0,1,0,N,-,N,I,,,-,,1,Y,,
m254,y102,mk_2,7,Hw,4.7,100.7,,LS,46.8,,Y,Y,1,1,1,Y,1,N,C,,,-,,1,N,,
m255,y100,mk_2,7,Hw,7.1,129.9,,LS,46.3,,Y,Y,0,0,0,Y,8,N,C,,,-,,1,Y,,
m256,y28,mk_2,7,Hw,8.4,200.3,,LS,41.2,38.4,Y,N,0,1,0,N,-,N,C,,,-,,1,Y,,
m257,w14,mk_2,8,Hw,2.2,280.3,,LS,9.8,,Y,Y,2,2,1,N,-,N,S,,,1,,1,N,,
m258,w15,mk_2,8,Hw,2.9,328.1,,LS,9.8,,Y,Y,1,0,0,N,-,N,S,,,-,,1,N,,
m259,w120,mk_2,8,Hw,4.8,37.5,,LS,12.5,,Y,N,1,0,0,N,-,N,S,,,7,,1,N,,
m260,w39,mk_2,8,Cw,4.5,47.2,,LS,62.9,,-,-,-,-,-,-,-,-,C,,,,,1,N,,
m261,w52,mk_2,8,Hw,3.9,53.3,,LS,40.4,28.6,Y,Y,1,1,1,Y,8,N,C,IB,AX,2,,1,N,,
m262,w111,mk_2,8,Cw,8.1,47.2,,LL,23.7,,-,-,-,-,-,-,-,-,S,,,,,1,N,,
m263,w49,mk_2,8,Hw,10.1,100.8,,LS,13.9,,Y,Y,2,1,0,Y,8,Y,S,,,,,1,N,,
m264,w22,mk_2,8,Fd,10.6,100.8,,SN,110,,-,-,-,-,-,-,-,-,-,,,,,-,N,,
m265,w103,mk_2,8,Hw,7.9,104.9,,LS,10.8,,Y,Y,2,1,0,N,-,Y,S,,,,,1,N,,
m266,w122,mk_2,8,Cw,11.3,111.3,,SN,18.5,,N,-,-,-,-,-,-,-,-,,,,,-,Y,,
m267,w74,mk_2,8,Hw,11.6,114,,LS,68.9,45.2,Y,N,2,1,1,Y,4,N,C,,,,,1,Y,,
m268,w42,mk_2,8,Hw,5.5,148.9,,LS,11.6,,Y,Y,2,2,1,N,-,Y,S,,,1,,1,N,,
m269,w9,mk_2,8,Hw,6.7,162.7,,LS,54.3,,Y,N,2,2,1,Y,4,N,C,,,1,,1,Y,,
m270,w58,mk_2,8,Hw,10.8,158.7,,LS,47.5,,Y,Y,2,1,1,Y,1,N,C,,,1,2,1,Y,,
m271,w24,mk_2,8,Hw,8.3,194.7,,LS,31.6,,Y,N,0,1,1,N,-,Y,C,,,1,,2,Y,,
m272,w54,mk_2,8,Hw,7.3,186.1,,LS,24.8,,Y,Y,2,2,2,Y,7,N,S,,,5,,1,Y,,
m273,y41,mk_2,9,Hw,5.8,219.2,,LS,28.7,,Y,Y,2,2,2,Y,4,N,I,IB,AX,,,1,Y,,
m274,y127,mk_2,9,Hw,4.5,202.9,,LS,9.1,,Y,Y,2,1,0,N,-,N,S,,,,,1,Y,,
m275,y15,mk_2,9,Fd,7,203.5,,LS,60.4,,N,-,-,-,-,-,-,-,C,,,,,1,Y,,
m276,y20,mk_2,9,Cw,7.2,198.3,,LS,48.8,,-,-,-,-,-,-,-,-,I,,,1,3,1,Y,,
m277,y37,mk_2,9,Hw,6.5,170,,LS,9.7,,Y,Y,0,1,0,N,-,N,S,,,,,1,Y,,
m278,y35,mk_2,9,Hw,2.1,129.5,,LS,14.5,,Y,Y,2,2,1,Y,4,Y,S,,,3,,1,N,,
m279,y64,mk_2,9,Hw,5.8,95.9,,LS,13.8,,Y,Y,2,2,1,N,-,N,S,,,,,1,N,,
m280,y71,mk_2,9,Hw,7.8,127.1,,SN,37.8,,Y,Y,1,1,1,Y,1,N,-,IB,AX,,,-,Y,,"DANGER, new snag, top 2/3 tree present"
m281,y68,mk_2,9,Hw,7.3,127.1,,LS,10.2,,Y,Y,1,1,0,N,-,Y,S,,,,,1,Y,,
m282,y122,mk_2,9,Hw,2.1,8.9,,SN,9.5,,Y,Y,2,1,1,N,-,Y,-,,,,,-,N,,"Recent dead, broke @ approx 2m"
m283,y62,mk_2,9,Cw,4,2.1,,LS,28.5,,-,-,-,-,-,-,-,-,I,,,,,1,N,,
m284,y59,mk_2,9,Hw,4.7,311.8,,LS,18.4,,Y,Y,0,1,0,N,-,Y,I,,,2,,1,N,,
m285,y31,mk_2,9,Hw,8.6,316.1,,LS,64.4,39,Y,Y,2,2,2,Y,7,Y,C,,,,,2,N,,
m286,y58,mk_2,9,Hw,7.1,321.2,,RD,11.7,,Y,Y,2,2,1,Y,1,Y,-,IB,AX,,,-,N,,Recently dead
m287,y24,mk_2,9,Hw,5.6,26.3,,LS,14.3,,Y,Y,0,0,1,N,-,N,S,,,5,,1,N,,
m288,y29,mk_2,9,Hw,6.4,39,,SN,70.2,,N,-,-,-,-,-,-,-,-,NW,,,,-,N,,"Not any tree to look for HDM, probably had lots"
m289,w401,mk_2,8,Cw,14,40.9,,LS,65.9,,N,-,-,-,-,-,-,-,C,,,,,1,N,,In regen component
m290,w2,mk_3,13,Cw,7.1,298.4,,LS,43.5,,N,-,-,-,-,-,-,-,I,,,1,,1,N,,
m291,w30,mk_3,13,Hw,1.4,256.7,,LS,14.2,,Y,Y,0,0,0,N,-,N,S,DS,,2,7,1,N,,
m292,w31,mk_3,13,Hw,1.1,278.5,,LS,15,,N,-,-,-,-,-,-,-,S,DS,,2,,1,N,,
m293,w49,mk_3,13,Hw,4.8,28.1,,LS,67.3,41.6,Y,Y,2,1,0,Y,1,N,C,,,-,,1,N,,
m294,w29,mk_3,13,Hw,1.2,50.4,,LS,15.6,,Y,Y,0,0,0,N,-,N,S,,,1,,1,N,,
m295,w102,mk_3,13,Hw,5.6,56.8,,LS,17,,N,-,-,-,-,-,-,-,S,,,,,1,Y,,
m296,w11,mk_3,13,Hw,7.9,49.3,,LS,9.2,,Y,Y,0,0,0,N,-,N,S,,,,,2,Y,,
m297,w108,mk_3,13,Fd,8.5,28.1,,LS,12.7,,N,-,-,-,-,-,-,-,S,,,,,2,Y,,
m298,w24,mk_3,13,Hw,7.3,75.9,,LS,51.2,,Y,Y,2,2,1,Y,4,Y,C,,,,,1,Y,,
m299,w28,mk_3,13,Hw,6.9,87.7,,SN,25.7,,N,-,-,-,-,-,-,-,-,,,,,-,Y,,
m300,w58,mk_3,13,Hw,6.3,94.8,,LS,62.9,,Y,Y,2,2,1,Y,1,N,C,DD,,6,,1,Y,,
m301,w22,mk_3,13,Hw,7.3,94.8,,LS,43.6,,Y,Y,2,2,1,Y,1,Y,C,,,,,1,Y,,
m302,w69,mk_3,13,Hw,2.6,124.5,,DS,9.7,,N,-,-,-,-,-,-,-,-,DRA,,,,-,N,,
m303,w70,mk_3,13,Hw,2.6,127.4,,DS,9.5,,N,-,-,-,-,-,-,-,-,DRA,,,,-,N,,
m304,w42,mk_3,13,Hw,2.9,152.2,,SN,9.1,,N,-,-,-,-,-,-,-,-,DRA,,,,-,N,,
m305,w7,mk_3,13,Hw,8.9,133.9,,LS,42.2,38.8,Y,Y,2,2,1,Y,1,N,C,IB,,,,1,Y,,
m306,w46,mk_3,13,Hw,5.4,153.6,,SN,13,,Y,-,-,-,-,-,-,-,-,U,,,,-,N,,
m307,w122,mk_3,13,Cw,5.4,165.7,,LS,38.2,,N,-,-,-,-,-,-,-,I,,,,,1,N,,
m308,w14,mk_3,13,Hw,6.5,160.8,,DS,11,,N,-,-,-,-,-,-,-,-,DRA,,,,-,N,,
m309,w75,mk_3,13,Hw,2.1,186.6,,LS,40.5,,Y,Y,1,0,0,Y,1,N,C,,,,,1,N,,
m310,w9,mk_3,13,Hw,3.5,197.5,,LS,14.7,,N,-,-,-,-,-,-,-,S,DS,,,,1,N,,
m311,w65,mk_3,13,Hw,6.5,240.3,,LS,47.9,,Y,N,2,0,0,Y,1,N,C,,,,,1,N,,
m312,y38,mk_3,12,Hw,1.5,270,,LS,19,,Y,N,0,1,0,N,-,-,S,,,,,1,N,HS,
m313,y6,mk_3,12,Hw,3.7,290.6,,LS,53.3,,Y,Y,1,1,0,Y,1,N,C,,,,,1,N,HS,
m314,y127,mk_3,12,Cw,5,304.7,,LS,30.2,,N,-,-,-,-,-,-,-,S,,,2,1,1,N,,
m315,y9,mk_3,12,Fd,2.3,316.4,,LS,43.5,,N,-,-,-,-,-,-,-,C,,,,,1,N,HS,
m316,y31,mk_3,12,Hw,2.3,340.4,,LS,16.3,,Y,N,0,1,0,N,-,N,S,,,,,1,N,NH,
m317,y37,mk_3,12,Hw,4.6,18.4,,LS,18.7,,N,-,-,-,-,-,-,-,S,,,,,1,N,NH,
m318,y108,mk_3,12,Hw,3.6,42.2,,LS,15,,Y,N,1,0,0,N,-,N,S,,,,,1,N,NH,
m319,y62,mk_3,12,Hw,1.3,79.8,,LS,10.1,,N,-,-,-,-,-,-,-,S,,,1,,2,N,NH,
m320,y109,mk_3,12,Hw,5.7,53.5,,LS,10.5,,N,-,-,-,-,-,-,-,S,,,,,1,Y,NH,
m321,y45,mk_3,12,Hw,5.4,58.9,,LS,11.5,,Y,N,1,0,0,N,-,N,S,,,,,2,Y,NH,
m322,y55,mk_3,12,Hw,5.8,61,,LS,60,39.3,Y,N,2,1,0,Y,4,N,C,,,,,2,Y,,
m323,y66,mk_3,12,Cw,8.3,76.7,,LS,12.7,,N,-,-,-,-,-,-,-,S,,,,,1,Y,,
m324,y27,mk_3,12,Hw,7.9,78.6,,LS,16.2,,Y,Y,1,1,0,Y,1,N,S,,,,,2,Y,HS,
m325,y52,mk_3,12,Hw,5.7,102.8,,SN,17.5,,Y,-,-,-,-,-,-,-,-,,,,,-,Y,,
m326,y59,mk_3,12,Hw,4.8,110.5,,SN,14,,N,-,-,-,-,-,-,-,-,DRA,,,,-,Y,,
m327,y70,mk_3,12,Hw,4.4,113.7,,RD,26.9,,Y,N,2,1,0,Y,4,N,-,DRA,,,,-,Y,,
m328,y122,mk_3,12,Hw,3.9,113.7,,DS,9.9,,Y,-,-,-,-,-,-,-,-,DRA,,,,-,Y,,
m329,y60,mk_3,12,Fd,3.2,133.9,,LS,81.6,,N,-,-,-,-,-,-,-,D,,,,,1,N,HS,
m330,y100,mk_3,12,Hw,5.7,138.4,,RD,13.7,,Y,N,1,1,0,N,-,N,-,U,,,,-,Y,,
m331,y102,mk_3,12,Hw,9.5,133.9,,LS,18.8,,Y,N,1,1,0,N,-,N,S,,,,,2,Y,NH,
m332,y28,mk_3,12,Hw,5,165.8,,LS,16.6,,Y,Y,2,0,0,N,-,N,S,,,1,,1,N,B,
m333,y58,mk_3,12,Hw,2.1,158.3,,SN,10.8,,N,-,-,-,-,-,-,-,-,,,,,-,N,,
m334,y23,mk_3,12,Hw,2.8,200.8,,LS,51.6,39.2,Y,N,2,2,1,Y,1,N,C,IB,AX,4,,1,N,,
m335,y46,mk_3,12,Hw,4.2,212.6,,RD,9.5,,Y,N,1,0,1,N,-,N,-,DRA,,,,-,N,HS,
m336,y129,mk_3,12,Hw,4.9,232.6,,RD,10,,Y,N,1,1,1,N,-,N,-,DRA,,,,-,N,HS,
m337,y51,mk_3,12,Hw,7,236.1,,LS,19.1,,Y,Y,0,0,0,N,-,N,I,,,,,1,N,,
m338,y53,mk_3,12,Hw,5.4,249.7,,LS,26,,Y,Y,0,1,0,N,-,N,I,,,,,1,N,HS,
m339,w25,mk_3,11,Hw,1.9,239.8,,LS,14.4,,Y,Y,2,1,0,Y,8,N,S,,,,,1,N,NH,
m340,w118,mk_3,11,Ep,7.8,237.2,,SN,9.5,,-,-,-,-,-,-,-,-,-,,,,,-,N,,
m341,w107,mk_3,11,Hw,4.9,292.4,,LS,26.5,,Y,Y,2,2,1,Y,1,Y,I,,,7,,1,N,HS,
m342,w101,mk_3,11,Hw,6.1,305.7,,LS,18.6,,Y,Y,2,1,0,Y,1,N,S,DS,,2,,1,N,,
m343,w36,mk_3,11,Hw,7.3,314.5,,LS,24.7,,Y,Y,2,1,1,N,-,N,I,,,,,1,N,NH,
m344,w119,mk_3,11,Hw,8.6,331.3,,LS,31.1,,Y,Y,1,1,1,N,-,N,I,,,,,1,N,B,
m345,w66,mk_3,11,Hw,5.8,339.7,,LS,12.8,,Y,Y,2,1,1,N,-,N,S,,,,,1,N,HS,
m346,w13,mk_3,11,Hw,5.1,342.6,,LS,10.7,,Y,Y,2,1,1,Y,1,N,S,,,1,,1,N,HS,
m347,w48,mk_3,11,Hw,8,347.5,,LS,21.2,,Y,N,2,2,1,N,-,N,I,,,,,1,N,HS,
m348,w38,mk_3,11,Hw,8.2,349.2,,LS,14.9,,Y,Y,2,2,1,N,-,N,S,,,,,2,N,HS,
m349,w62,mk_3,11,Hw,7,13.2,,LS,11.6,,Y,N,2,2,1,Y,1,N,S,,,,,1,N,NH,
m350,w68,mk_3,11,Hw,7,18.9,,LL,43.4,,Y,N,2,2,1,Y,7,N,C,,,,,1,N,B,
m351,w60,mk_3,11,Hw,8,38.3,,LS,35.1,,Y,Y,2,2,2,Y,7,N,I,,,1,,1,N,HS,
m352,w128,mk_3,11,Hw,7.6,42.8,,LS,9.7,,Y,N,0,1,2,N,-,N,S,,,5,,2,Y,HS,
m353,w16,mk_3,11,Hw,8.4,51,,SN,13,,N,-,-,-,-,-,-,-,-,U,,,,-,Y,,
m354,w17,mk_3,11,Hw,5.7,34.1,,SN,9.3,,Y,-,-,-,-,-,-,-,-,DRA,,,,-,N,,
m355,w41,mk_3,11,Hw,5.6,39.9,,LS,11.4,,Y,Y,2,0,0,N,-,N,S,,,1,,1,N,HS,
m356,w37,mk_3,11,Hw,5,52.2,,LS,10.1,,Y,Y,2,2,1,N,-,N,S,,,-,,1,N,,
m357,w3,mk_3,11,Hw,4.9,62.2,,LS,10.6,,Y,N,2,1,0,N,-,N,S,,,1,,1,Y,HS,
m358,w112,mk_3,11,Fd,7.1,61.1,,LS,68.8,,-,-,-,-,-,-,-,-,D,,,,,1,Y,,
m359,w4,mk_3,11,Hw,4.6,77.5,,LS,16.9,,Y,Y,2,1,0,Y,1,Y,S,,,,,1,Y,HS,
m360,w20,mk_3,11,Hw,3.3,72.4,,LS,18.5,,Y,Y,1,1,1,Y,3,N,S,,,,,1,N,NH,
m361,w1,mk_3,11,Hw,2.7,92.3,,DS,9.4,,Y,-,-,-,-,-,-,-,-,DRA,,,,-,N,,
m362,w109,mk_3,11,Hw,3.8,107.1,,LS,52.5,36.8,Y,N,2,2,2,Y,7,N,C,,,,,1,Y,NH,
m363,w125,mk_3,11,Hw,6.7,112,,LS,16.9,,Y,Y,1,1,1,Y,8,Y,S,,,,,1,Y,NH,
m364,w51,mk_3,11,Hw,9,115.6,,LS,15.9,,Y,Y,2,1,0,Y,1,Y,S,,,,,1,Y,NH,
m365,w67,mk_3,11,Hw,6.1,147.1,,LS,14.7,,Y,Y,1,1,0,Y,8,N,S,,,,,2,Y,NH,
m366,w104,mk_3,11,Hw,7.1,160,,SN,29.2,,Y,-,-,-,-,-,-,-,-,DRA,,,,-,Y,,
m367,w10,mk_3,11,Hw,8.1,154,,SN,24.9,,N,-,-,-,-,-,-,-,-,U,,,,-,Y,,
m368,w792,mk_3,11,Hw,8.5,160,,DS,10.7,,Y,-,-,-,-,-,-,-,-,DRA,,,,-,Y,,
m369,w32,mk_3,11,Hw,8.8,176.8,,LS,51.4,,Y,N,2,2,2,Y,7,N,C,,,,,1,N,NH,Broom positon was incorrectly recorded. Guessd it was 7 based off DMR an memory of site. 
m370,w21,mk_3,11,Hw,10.4,160,,LS,48.6,,Y,Y,2,2,1,Y,4,N,C,,,,,1,Y,,
m371,w44,mk_3,11,Cw,11.8,172.2,,LS,29.7,,N,-,-,-,-,-,-,-,I,,,2,4,1,Y,B,
m372,w16,mk_3,11,Hw,2,160.4,,LS,55.7,40,Y,Y,2,2,2,Y,7,N,C,,,,,1,N,,
m373,w64,mk_3,11,Hw,2.8,187.3,,LS,11.6,,Y,Y,1,0,0,N,-,N,S,,,,,1,N,,
m374,w115,mk_3,11,Hw,6.1,193.6,,LS,15.8,,Y,Y,2,1,0,N,-,N,S,,,,,1,N,HS,
m375,w53,mk_3,11,Hw,5.6,209,,LS,12.4,,Y,N,2,1,0,Y,1,N,S,,,,,1,N,HS,
m376,y5,mk_3,10,Hw,4.2,294,,LS,42.8,,Y,Y,2,1,1,N,-,N,C,,,,,1,N,NH,
m377,y105,mk_3,10,Hw,10,286.9,,LS,55,36.1,Y,Y,1,2,1,Y,4,N,C,,,,,1,N,,
m378,y64,mk_3,10,Hw,7.9,346.3,,DS,9.4,,N,-,-,-,-,-,-,-,-,U,,,,-,N,HS,
m379,y29,mk_3,10,Hw,10,246.2,,LS,33.3,,Y,Y,1,1,0,Y,1,N,I,,,7,,1,N,,
m380,y35,mk_3,10,Cw,12.5,1.6,,LS,59,,-,-,-,-,-,-,-,-,I,IB,AX,,,1,N,HS,
m381,y24,mk_3,10,Hw,11.4,1.6,,LS,10.6,,N,-,-,-,-,-,-,-,S,,,,,2,N,,
m382,y68,mk_3,10,Cw,7.3,4.9,,LS,55,,-,-,-,-,-,-,-,-,I,,,,,1,N,,
m383,y32,mk_3,10,Cw,4.1,355.1,,SN,80.5,,N,-,-,-,-,-,-,-,-,,,,,-,N,,
m384,y54,mk_3,10,Hw,9.3,308.2,,LS,12,,N,-,-,-,-,-,-,-,S,,,1,,1,N,HS,
m385,y41,mk_3,10,Hw,9.6,14.3,,LS,1,,Y,Y,1,1,0,N,-,N,S,,,-,,1,N,HS,
m386,y33,mk_3,10,Cw,4.7,52.4,,LS,89.7,,N,-,-,-,-,-,-,-,C,,,-,,1,Y,,
m387,y48,mk_3,10,Hw,12.8,49.3,,LS,49.5,38.6,Y,Y,2,2,1,Y,4,N,C,IB,AX,7,,1,Y,NH,
m388,y15,mk_3,10,Cw,13,58.1,,LS,69.5,,N,-,-,-,-,-,-,-,C,,,1,,1,Y,,
m389,y20,mk_3,10,Fd,9.8,67.9,,DS,21.5,,N,-,-,-,-,-,-,-,-,U,,,,-,Y,,
m390,y106,mk_3,10,Hw,5,101.6,,LS,39.6,,Y,Y,1,1,0,N,-,N,C,,,,,1,Y,B,
m391,y50,mk_3,10,Hw,2.4,202.1,,LS,31.6,,N,-,-,-,-,-,-,-,I,,,,,1,Y,NH,
m392,w106,mk_1,1,Cw,7.7,169.1,,LS,40.2,,N,-,-,-,-,-,-,-,C,,,2,1,2,,,Also has dead top
m393,w109,mk_1,1,Hw,6.2,139.7,,SN,46.7,,N,-,-,-,-,-,-,-,-,,,,,-,,,
m394,w8,mk_1,1,Hw,5.5,133.7,,LS,12.9,,Y,N,0,1,0,N,-,N,I,,,,,1,,,
m395,w12,mk_1,1,Hw,4.5,124.5,,LS,56,,N,-,-,-,-,-,-,-,C,IB,AX,4,,2,,,
m396,w14,mk_1,1,Hw,3.6,111.1,,LS,12.7,,N,-,-,-,-,-,-,-,I,,,-,,1,,,
m397,w13,mk_1,1,Hw,1.4,108.2,,LS,9.2,,N,-,-,-,-,-,-,-,I,,,-,,1,,,
m398,w33,mk_1,1,Hw,2,85.7,,LS,9.2,,N,-,-,-,-,-,-,-,I,,,1,,1,,,
m399,w15,mk_1,1,Hw,5.7,97.4,,LS,13.3,,Y,N,0,1,0,N,-,N,I,,,-,,1,,,
m400,w1,mk_1,1,Hw,6.9,84,,LS,11.1,,Y,N,0,1,0,N,-,N,I,,,1,,1,,,
m401,w110,mk_1,1,Hw,4.3,91.7,,LS,9.3,,Y,N,0,1,0,N,-,N,I,,,,,1,,,
m402,w105,mk_1,1,Hw,2.9,65.6,,LS,11.8,,N,-,-,-,-,-,-,-,I,,,,,2,,,
m403,w33,mk_1,1,Hw,4.1,63.8,,LS,13.2,,N,-,-,-,-,-,-,-,I,,,,,1,,,
m404,w107,mk_1,1,Hw,7.1,49.4,,LS,18.2,,Y,Y,1,0,0,N,-,N,I,,,,,1,,,
m405,w72,mk_1,1,Hw,6,21.7,,LS,16.9,,N,-,-,-,-,-,-,-,I,,,,,1,,,
m406,w108,mk_1,1,Cw,5.4,18.2,,SN,9.8,,N,-,-,-,-,Y,-,-,-,,,,,-,,,
m407,w40,mk_1,1,Hw,2.8,11.8,,DS,33.8,,N,-,-,-,-,-,-,-,-,,,,,-,,,
m408,w46,mk_1,1,Hw,1.1,338.8,,LS,16.7,,N,-,-,-,-,-,-,-,I,,,,,1,,,
m409,w125,mk_1,1,Hw,1.9,293.6,,SN,36.7,,N,-,-,-,-,-,-,-,-,,,,,-,,,
m410,w34,mk_1,1,Cw,3.5,264.7,,LL,27.1,,N,-,-,-,-,-,-,-,C,,,5,,1,,,
m411,w47,mk_1,1,Hw,3.8,250,,LS,20.5,,N,-,-,-,-,-,-,-,I,,,,,1,,,
m412,w3,mk_1,1,Hw,1.2,236.6,,SN,30,,N,-,-,-,-,-,-,-,-,,,,,-,,,
m413,w102,mk_1,1,Hw,4.1,183.3,,LS,13,,N,-,-,-,-,-,-,-,I,,,,,1,,,
m414,y1,mk_1,2,Hw,4.8,229.9,,LS,12.2,,N,-,-,-,-,-,-,-,I,,,,,1,,,
m415,y3,mk_1,2,Hw,2.7,260,,LS,12.9,,Y,Y,1,0,0,N,-,N,I,,,,,1,,,
m416,y22,mk_1,2,Hw,4.7,273.9,,LS,10.1,,N,-,-,-,-,-,-,-,I,,,,,1,,,
m417,y114,mk_1,2,Hw,3.3,295.3,,SN,43.4,,N,-,-,-,-,-,-,-,-,,,,,-,,,
m418,y109,mk_1,2,Hw,6.9,295.6,,LS,9.3,,N,-,-,-,-,-,-,-,I,,,,,1,,,
m419,y23,mk_1,2,U,8.1,284.8,,SN,11.5,,N,-,-,-,-,-,-,-,-,,,,,-,,,
m420,y50,mk_1,2,Hw,4.7,310.6,,LS,10.5,,Y,Y,1,0,0,Y,1,Y,I,,,,,1,,,
m421,y6,mk_1,2,Hw,4.9,323.3,,LS,12.8,,N,-,-,-,-,-,-,-,I,,,,,1,,,
m422,y116,mk_1,2,Cw,6.9,321.3,,LS,47.7,,N,-,-,-,-,-,-,-,C,,,,,1,,,
m423,y36,mk_1,2,Hw,7,327.1,,LS,9,,N,-,-,-,-,-,-,-,S,,,,,1,,,
m424,y24,mk_1,2,Hw,8.1,329.5,,LS,9.1,,N,-,-,-,-,-,-,-,I,,,,,1,,,
m425,y127,mk_1,2,Hw,8.2,332.3,,LS,12.7,,Y,N,0,1,1,N,-,N,I,,,,,1,,,
m426,y15,mk_1,2,Hw,7.8,349,,LS,14.6,,N,-,-,-,-,-,-,-,I,,,,,1,,,
m427,y52,mk_1,2,Hw,9.1,11.2,,LS,12.1,,Y,Y,0,0,0,N,-,N,I,,,,,1,,,
m428,y12,mk_1,2,Hw,8.7,13.7,,LS,9,,N,-,-,-,-,-,-,-,I,,,,,1,,,
m429,y61,mk_1,2,Hw,7.7,15.6,,LS,13,,Y,Y,1,0,0,N,-,N,I,,,,,1,,,
m430,y112,mk_1,2,Hw,8.5,21.6,,LS,10.9,,Y,N,1,0,0,N,-,N,I,,,,,1,,,
m431,y117,mk_1,2,Hw,8.3,27.7,,LS,9.3,,Y,Y,0,0,0,N,-,N,I,,,,,1,,,
m432,y41,mk_1,2,Hw,3.7,338.9,,LS,9.3,,Y,N,1,0,0,N,-,N,I,,,,,1,,,
m433,y9,mk_1,2,Hw,3.5,45.7,,LS,68.7,44.7,Y,Y,2,2,1,Y,7,N,C,IB,AX,,,2,,,
m434,y120,mk_1,2,Hw,0.5,91.3,,LS,42.9,,Y,N,2,1,1,Y,7,N,C,,,,,1,,,
m435,y100,mk_1,2,Hw,0.6,122.9,,LS,14.3,,N,-,-,-,-,-,-,-,I,,,,,1,,,
m436,w26,mk_1,3,Hw,2,200.7,,LS,16.2,,Y,N,1,0,0,N,-,N,I,,,,,1,,,
m437,w112,mk_1,3,Hw,1.8,226.8,,LS,11.7,,N,-,-,-,-,-,-,-,I,,,,,1,,,
m438,w25,mk_1,3,Hw,2.1,230.6,,LS,13.8,,Y,Y,1,1,0,N,-,N,I,,,,,1,,,
m439,w27,mk_1,3,Hw,3.1,250.5,,LS,11.4,,Y,N,1,1,1,N,-,N,I,,,1,,1,,,
m440,w120,mk_1,3,Hw,5.9,239.5,,LS,9.4,,N,-,-,-,-,-,-,-,S,,,,,1,,,
m441,w48,mk_1,3,Hw,6.8,245.3,,LS,39.3,38.7,Y,Y,2,2,2,Y,7,Y,C,,,4,,-,,,small crown
m442,w17,mk_1,3,Hw,8.2,247.7,,LS,10.5,,Y,Y,2,0,0,Y,8,N,S,,,-,,1,,,
m443,w2,mk_1,3,Hw,6.6,285.4,,LS,13.8,,Y,Y,1,0,0,N,-,N,I,,,-,,1,,,
m444,w4,mk_1,3,Hw,6.9,294.2,,SN,30,,N,-,-,-,-,-,-,-,-,,,-,,-,,,
m445,w16,mk_1,3,Hw,7.4,287.6,,LS,49,42.6,Y,Y,2,2,2,Y,7,N,C,,,2,,2,,,
m446,w41,mk_1,3,Hw,6,330.6,,LS,11,,N,-,-,-,-,-,-,-,I,,,-,,1,,,On upended root ball 1.5m off the ground
m447,w45,mk_1,3,Dr,3.4,345.9,,LS,15.8,,-,-,-,-,-,-,-,-,I,,,1,,1,,,On upended root ball 1.5m off the ground
m448,w37,mk_1,3,Hw,4.2,345.9,,LS,10.3,,N,-,-,-,-,-,-,-,I,,,1,,1,,,On upended root ball 1.5m off the ground
m449,w10,mk_1,3,Hw,3,56.9,,LS,11.1,,Y,Y,1,0,0,N,-,N,I,,,1,,1,,,
m450,w60,mk_1,3,Hw,3.9,43.5,,LS,16.5,,Y,N,1,0,0,N,-,N,I,,,-,,1,,,
m451,w111,mk_1,3,Hw,6.4,35.6,,LS,13.7,,N,-,-,-,-,-,-,-,I,,,-,,1,,,
m452,w122,mk_1,3,Hw,9.2,38.6,,LS,13,,N,-,-,-,-,-,-,-,S,,,-,,1,,,
m453,w58,mk_1,3,Cw,9.7,49,,LS,87.5,,-,-,-,-,-,-,-,-,C,,,2,,1,,,
m454,w69,mk_1,3,Hw,10.9,53.2,,LS,22.9,,N,-,-,-,-,-,-,-,S,,,-,,1,,,Inbetween big fir and cedar
m455,w124,mk_1,3,Hw,4.7,75.9,,LS,9.2,,Y,Y,0,0,0,N,-,N,I,,,,,1,,,
m456,w56,mk_1,3,Hw,5.2,88,,LS,21.8,,Y,Y,1,0,0,N,-,N,I,,,,,1,,,
m457,w7,mk_1,3,Hw,5.1,103.1,,LS,9.2,,N,-,-,-,-,-,-,-,S,,,,,1,,,
m458,w39,mk_1,3,Hw,2.3,120.7,,LS,20.7,,N,-,-,-,-,-,-,-,I,,,,,1,,,
m459,y60,mk_1,4,Hw,2.6,214.8,,DS,10.5,,N,-,-,-,-,-,-,-,-,DRA,,,,-,,,
m460,y28,mk_1,4,Hw,3.7,223.3,,LS,17,,N,-,-,-,-,-,-,-,I,,,,,1,,,
m461,y53,mk_1,4,Hw,5.2,239.6,,LS,14.7,,N,-,-,-,-,-,-,-,I,,,1,,1,,,
m462,y59,mk_1,4,Hw,5.1,242.8,,LS,26,,N,-,-,-,-,-,-,-,I,IB,,,,1,,,
m463,y29,mk_1,4,Hw,2.4,272.5,,LS,20.2,,N,-,-,-,-,-,-,-,I,,,,,1,,,
m464,y69,mk_1,4,Hw,3.8,278.2,,LS,10.8,,N,-,-,-,-,-,-,-,I,,,,,1,,,
m465,y39,mk_1,4,Hw,2.5,331.7,,LS,19.2,,N,-,-,-,-,-,-,-,I,,,,,1,,,
m466,y51,mk_1,4,Hw,2.4,354,,DS,9.7,,N,-,-,-,-,-,-,-,-,DRA,,,,-,,,
m467,y49,mk_1,4,Hw,3,3.1,,LS,10.7,,N,-,-,-,-,-,-,-,I,,,,,1,,,
m468,y107,mk_1,4,Hw,4.6,15.4,,LS,19.2,,N,-,-,-,-,-,-,-,I,,,,,1,,,
m469,y106,mk_1,4,Hw,5.5,320.4,,LS,11.2,,N,-,-,-,-,-,-,-,S,,,,,1,,,
m470,y125,mk_1,4,Hw,6.3,329.5,,LS,11.3,,N,-,-,-,-,-,-,-,S,,,,,1,,,
m471,y63,mk_1,4,Hw,7.1,335.7,,LS,11.5,,N,-,-,-,-,-,-,-,S,,,,,-,,,
m472,y110,mk_1,4,Fd,7.2,324.6,,LS,167,,N,-,-,-,-,-,-,-,D,,,,,1,,,
m473,y10,mk_1,4,Hw,6,345.6,,LS,14.1,,N,-,-,-,-,-,-,-,I,,,,,1,,,
m474,y108,mk_1,4,Hw,5.9,358.9,,DS,11.1,,N,-,-,-,-,-,-,-,-,IB,AX,,,-,,,
m475,y65,mk_1,4,Hw,6.3,28.8,,LS,17.9,,N,-,-,-,-,-,-,-,I,,,1,,1,,,
m476,y19,mk_1,4,Hw,2,29.7,,LS,179,,N,-,-,-,-,-,-,-,I,,,1,,1,,,
m477,y123,mk_1,4,Hw,3.5,63.5,,LS,13.5,,N,-,-,-,-,-,-,-,I,,,,,1,,,
m478,y68,mk_1,4,Fd,3.7,48.7,,LS,118.9,,N,-,-,-,-,-,-,-,D,,,,,2,,,
m479,y64,mk_1,4,Hw,7.7,55.3,,LS,21.8,,N,-,-,-,-,-,-,-,I,,,1,,1,,,
m480,y25,mk_1,4,Hw,6.3,104.5,,LS,13.7,,N,-,-,-,-,-,-,-,S,,,-,,1,,,
m481,y7,mk_1,4,Cw,6.3,129.9,,LS,45,,N,-,-,-,-,-,-,-,C,AX,,2,,2,,,
m482,y54,mk_1,4,Hw,3.2,167.1,,LS,16,,N,-,-,-,-,-,-,-,S,,,1,2,1,,,
m483,y8,mk_1,4,Cw,2.5,186.9,,LS,73,,N,-,-,-,-,-,-,-,C,AX,,5,,2,,,
m484,w115,mk_1,3,Hw,6.2,89.5,,LS,10.6,,N,-,-,-,-,-,-,-,I,,,,,1,,,
m485,w70,mk_1,3,Hw,3.4,273.6,,SN,51,,N,-,-,-,-,-,-,-,-,,,,,-,,,
m486,y55,mi_2,14,Hw,1,240.7,,SN,12,,N,-,-,-,-,-,-,-,-,U,,,,-,,,
m487,y101,mi_2,14,Cw,1.2,245.2,,LS,13.7,,N,-,-,-,-,-,-,-,S,,,,,1,,,
m488,y100,mi_2,14,Hw,4.7,243.3,,LS,14.3,,Y,N,2,1,1,N,-,N,I,,,,,2,,,
m489,y123,mi_2,14,Hw,4.6,260,,LS,20.4,,Y,N,2,2,1,Y,4,N,I,,,,,1,,,
m490,y112,mi_2,14,Cw,5.4,249,,LS,26.6,,N,-,-,-,-,-,-,-,S,,,1,,1,,,
m491,w6,mi_2,15,Hw,3.3,228,,LS,63.2,,Y,Y,2,2,1,Y,4,N,D,,,1,,1,,,Forked with m492
m492,w62,mi_2,15,Hw,3.5,235,,SN,16.7,,N,-,-,-,-,-,-,-,-,U,,,,1,,,Forked with m491
m493,w42,mi_2,15,Hw,6.8,239.1,,LS,35.8,,Y,Y,2,1,1,Y,1,N,C,,,,,1,,,
m494,w105,mi_2,15,Hw,7.1,244.6,,LS,27.1,,Y,N,1,1,0,N,-,N,I,,,,,2,,,
m495,w4,mi_2,15,Cw,1.2,251.7,,LS,32,,N,-,-,-,-,-,-,-,I,,,,,1,,,
m496,w16,mi_2,15,Hw,1.3,350.6,,LS,38.5,,Y,N,1,1,0,N,-,N,C,,,,,1,,,
m497,w125,mi_2,15,Hw,3.7,304.2,,LS,19.9,,Y,N,2,1,0,Y,1,Y,I,,,1,,1,,,
m498,y15,mi_2,16,Hw,2.2,142.2,,LS,49.5,,Y,N,2,1,0,N,-,N,C,,,1,,1,,,
m499,y109,mi_2,16,Fd,3.6,179.1,,SN,10.2,,N,-,-,-,-,-,-,-,-,U,,,,-,,,
m500,y119,mi_2,16,Hw,3.9,215.3,,SN,17.8,,N,-,-,-,-,-,-,-,-,U,,,,-,,,
m501,y10,mi_2,16,Hw,5.5,202.9,,LS,31,,Y,N,1,1,0,N,-,N,C,,,,,1,,,
m502,y63,mi_2,16,Hw,7.6,191.9,,LS,13.9,,N,-,-,-,-,-,-,-,S,,,4,,2,,,
m503,y111,mi_2,16,Hw,5.8,255.8,,LS,26.3,,Y,N,2,1,0,N,-,N,C,,,-,,1,,,
m504,y2,mi_2,16,Hw,2,39.6,,LS,33.5,,Y,Y,2,1,0,N,-,N,C,,,-,,1,,,
m505,y38,mi_2,16,Hw,2.8,52.3,,LS,33.9,,Y,Y,2,2,0,Y,4,Y,C,IB,AX,1,,1,,,
m506,y26,mi_2,16,Hw,3.7,25.6,,LS,30.4,,Y,N,1,1,0,N,-,N,C,,,,,2,,,
m507,y102,mi_2,16,Hw,4.9,22.4,,LS,41.6,,Y,N,1,0,0,N,-,N,C,,,,,1,,,
m508,w10,mi_2,17,Hw,2.8,105.3,,LS,24.9,,Y,Y,1,0,0,Y,8,Y,C,,,,,1,,,
m509,w70,mi_2,17,Hw,4.6,210.6,,LS,31.7,,Y,Y,2,2,0,Y,8,N,C,,,,,1,,,
m510,w48,mi_2,17,Hw,4,228.1,,LS,35,,Y,Y,1,1,0,N,-,N,C,,,1,,1,,,
m511,w104,mi_2,17,Hw,2.1,5.8,,LS,29.5,,Y,Y,1,1,0,N,-,N,C,,,-,,1,,,
m512,w46,mi_2,17,Hw,2.5,27.1,,LS,26.9,,N,-,-,-,-,-,-,-,-,U,,4,,3,,,
m513,y117,mi_2,18,Hw,1.8,332.7,,LS,42.3,,Y,Y,1,1,0,N,-,N,C,,,2,,1,,,
m514,y130,mi_2,18,Hw,2.9,13.6,,LS,24.7,,Y,Y,2,1,0,Y,8,Y,I,,,1,,1,,,
m515,y120,mi_2,18,Cw,5.9,359.5,,LS,57.8,,-,-,-,-,-,-,-,-,C,,,-,,1,,,Forked with m516; DBH taken high because 1.3 not accessible
m516,y9,mi_2,18,Cw,6,355.2,,LS,29,,-,-,-,-,-,-,-,-,S,,,2,,2,,,Forkedwith m515
m517,y126,mi_2,18,Hw,2.3,99.8,,LS,28.7,,Y,N,1,1,0,N,-,N,C,,,,,2,,,
m518,y113,mi_2,18,Hw,2,114.2,,LS,30.8,,Y,Y,1,0,0,Y,8,Y,C,,,,,1,,,
m519,y24,mi_2,18,Hw,0.9,169.8,,LS,43.5,,Y,Y,1,0,0,N,-,N,D,IB,AX,2,,2,,,
m520,y16,mi_2,18,Hw,7.1,61.9,,LS,75.8,,Y,Y,2,1,0,Y,1,Y,D,IB,AX,,,1,,,Measured from the top of a stump
m521,w21,mi_2,19,Hw,0.9,111,,LS,23.4,,Y,N,1,1,1,N,-,N,C,,,,,1,,,
m522,w49,mi_2,19,Hw,1,136.9,,LS,26.6,,Y,N,1,2,1,Y,2,N,C,,,,,1,,,
m523,w107,mi_2,19,Hw,2.8,142.6,,LS,34.2,,Y,N,2,2,1,Y,4,Y,C,,,1,,1,,,
m524,w43,mi_2,19,Hw,4.3,198.5,,LS,29.5,,Y,N,1,1,0,N,-,N,C,,,,,1,,,
m525,w75,mi_2,19,Hw,6,196.4,,LS,31.4,,Y,N,1,1,0,N,-,N,C,,,,,1,,,
m526,w73,mi_2,19,Hw,5.6,226.7,,LS,23.5,,Y,N,0,1,0,N,-,N,C,,,,,2,,,Rated from below the crown
m527,w110,mi_2,19,Cw,5.9,238.5,,LS,24.8,,-,-,-,-,-,-,-,-,I,,,,,1,,,
m528,w39,mi_2,19,Hw,6.9,240,,LS,38.3,,Y,N,1,0,0,N,-,N,C,,,1,,1,,,
m529,w51,mi_2,19,Hw,6.2,248.4,,LS,34.6,,N,-,-,-,-,-,-,-,C,,,,,1,,,
m530,w60,mi_2,19,Hw,8.6,257,,LS,34.9,,N,-,-,-,-,-,-,-,C,,,,,1,,,
m531,w8,mi_2,19,Cw,2.2,308.9,,SN,12.9,,-,-,-,-,-,-,-,-,-,U,,,,-,,,
m532,w38,mi_2,19,Cw,3.2,318.6,,LS,64.2,,-,-,-,-,-,-,-,-,C,,,1,,1,,,
m533,w119,mi_2,19,Hw,0.9,355.3,,LS,36.3,,Y,N,1,1,0,N,-,N,C,,,,,1,,,
m534,w66,mi_2,19,Hw,0.8,15.6,,LS,32.3,,Y,N,1,1,1,Y,1,N,C,,,,,1,,,
m535,y68,mi_2,20,Hw,0.9,139.2,,LS,36.7,,Y,Y,1,1,0,Y,1,N,C,,,,,1,,,
m536,y6,mi_2,20,Hw,1.8,136.9,,LS,30.8,,Y,N,1,0,0,N,-,N,C,,,,,1,,,
m537,y118,mi_2,20,Hw,5.7,111.5,,LS,36.1,,N,-,-,-,-,-,-,-,C,,,,,1,,,
m538,y35,mi_2,20,Hw,6.7,130.8,,LS,24,,Y,Y,1,0,0,N,-,N,C,,,2,,1,,,
m539,y110,mi_2,20,Hw,3.6,168.6,,LS,56,,Y,Y,1,0,0,N,-,N,D,,,2,,1,,,
m540,y129,mi_2,20,Hw,6.8,186.3,,LS,29.8,,Y,N,1,1,0,N,-,N,C,,,,,1,,,
m541,y125,mi_2,20,Hw,5.7,202.7,,LS,18,,N,-,-,-,-,-,-,-,I,,,,,1,,,
m542,y121,mi_2,20,Hw,8.2,195.9,,SN,14.5,,N,-,-,-,-,-,-,-,-,U,,,,-,,,
m543,y106,mi_2,20,Hw,9.5,190.5,,SN,19.7,,N,-,-,-,-,-,-,-,-,U,,,,-,,,
m544,y122,mi_2,20,Hw,9.7,181.5,,LS,13.7,,Y,N,0,1,0,N,-,N,S,,,,,1,,,
m545,y27,mi_2,20,Hw,9.5,199.3,,LS,14.8,,Y,N,0,1,1,N,-,N,I,,,1,,1,,,
m546,y61,mi_2,14,Hw,1.9,74.4,,LS,72.7,,Y,N,2,2,2,Y,7,N,D,,,1,,2,,,
m547,,,,,,,,,,,,,,,,,,,,,,,,,,,
m548,,,,,,,,,,,,,,,,,,,,,,,,,,,
m549,,,,,,,,,,,,,,,,,,,,,,,,,,,
m550,,,,,,,,,,,,,,,,,,,,,,,,,,,
m551,,,,,,,,,,,,,,,,,,,,,,,,,,,
m552,,,,,,,,,,,,,,,,,,,,,,,,,,,
m553,,,,,,,,,,,,,,,,,,,,,,,,,,,
m554,,,,,,,,,,,,,,,,,,,,,,,,,,,
m555,,,,,,,,,,,,,,,,,,,,,,,,,,,
m556,,,,,,,,,,,,,,,,,,,,,,,,,,,
m557,,,,,,,,,,,,,,,,,,,,,,,,,,,
m558,,,,,,,,,,,,,,,,,,,,,,,,,,,
m559,,,,,,,,,,,,,,,,,,,,,,,,,,,
m560,,,,,,,,,,,,,,,,,,,,,,,,,,,
m561,,,,,,,,,,,,,,,,,,,,,,,,,,,
m562,,,,,,,,,,,,,,,,,,,,,,,,,,,
m563,,,,,,,,,,,,,,,,,,,,,,,,,,,
m564,,,,,,,,,,,,,,,,,,,,,,,,,,,
m565,,,,,,,,,,,,,,,,,,,,,,,,,,,
m566,,,,,,,,,,,,,,,,,,,,,,,,,,,
m567,,,,,,,,,,,,,,,,,,,,,,,,,,,
m568,,,,,,,,,,,,,,,,,,,,,,,,,,,
m569,,,,,,,,,,,,,,,,,,,,,,,,,,,
m570,,,,,,,,,,,,,,,,,,,,,,,,,,,
m571,,,,,,,,,,,,,,,,,,,,,,,,,,,
m572,,,,,,,,,,,,,,,,,,,,,,,,,,,
m573,,,,,,,,,,,,,,,,,,,,,,,,,,,
m574,,,,,,,,,,,,,,,,,,,,,,,,,,,
m575,,,,,,,,,,,,,,,,,,,,,,,,,,,
m576,,,,,,,,,,,,,,,,,,,,,,,,,,,
m577,,,,,,,,,,,,,,,,,,,,,,,,,,,
m578,,,,,,,,,,,,,,,,,,,,,,,,,,,
m579,,,,,,,,,,,,,,,,,,,,,,,,,,,
m580,,,,,,,,,,,,,,,,,,,,,,,,,,,
m581,,,,,,,,,,,,,,,,,,,,,,,,,,,
m582,,,,,,,,,,,,,,,,,,,,,,,,,,,
m583,,,,,,,,,,,,,,,,,,,,,,,,,,,
m584,,,,,,,,,,,,,,,,,,,,,,,,,,,
m585,,,,,,,,,,,,,,,,,,,,,,,,,,,
m586,,,,,,,,,,,,,,,,,,,,,,,,,,,
m587,,,,,,,,,,,,,,,,,,,,,,,,,,,
m588,,,,,,,,,,,,,,,,,,,,,,,,,,,
m589,,,,,,,,,,,,,,,,,,,,,,,,,,,
m590,,,,,,,,,,,,,,,,,,,,,,,,,,,
m591,,,,,,,,,,,,,,,,,,,,,,,,,,,
m592,,,,,,,,,,,,,,,,,,,,,,,,,,,
m593,,,,,,,,,,,,,,,,,,,,,,,,,,,
m594,,,,,,,,,,,,,,,,,,,,,,,,,,,
m595,,,,,,,,,,,,,,,,,,,,,,,,,,,
m596,,,,,,,,,,,,,,,,,,,,,,,,,,,
m597,,,,,,,,,,,,,,,,,,,,,,,,,,,
m598,,,,,,,,,,,,,,,,,,,,,,,,,,,
m599,,,,,,,,,,,,,,,,,,,,,,,,,,,
m600,,,,,,,,,,,,,,,,,,,,,,,,,,,
m601,,,,,,,,,,,,,,,,,,,,,,,,,,,
m602,,,,,,,,,,,,,,,,,,,,,,,,,,,
m603,,,,,,,,,,,,,,,,,,,,,,,,,,,
m604,,,,,,,,,,,,,,,,,,,,,,,,,,,
m605,,,,,,,,,,,,,,,,,,,,,,,,,,,
m606,,,,,,,,,,,,,,,,,,,,,,,,,,,
m607,,,,,,,,,,,,,,,,,,,,,,,,,,,
m608,,,,,,,,,,,,,,,,,,,,,,,,,,,
m609,,,,,,,,,,,,,,,,,,,,,,,,,,,
m610,,,,,,,,,,,,,,,,,,,,,,,,,,,
m611,,,,,,,,,,,,,,,,,,,,,,,,,,,
m612,,,,,,,,,,,,,,,,,,,,,,,,,,,
m613,,,,,,,,,,,,,,,,,,,,,,,,,,,
m614,,,,,,,,,,,,,,,,,,,,,,,,,,,
m615,,,,,,,,,,,,,,,,,,,,,,,,,,,
m616,,,,,,,,,,,,,,,,,,,,,,,,,,,
m617,,,,,,,,,,,,,,,,,,,,,,,,,,,
m618,,,,,,,,,,,,,,,,,,,,,,,,,,,
m619,,,,,,,,,,,,,,,,,,,,,,,,,,,
m620,,,,,,,,,,,,,,,,,,,,,,,,,,,
m621,,,,,,,,,,,,,,,,,,,,,,,,,,,
m622,,,,,,,,,,,,,,,,,,,,,,,,,,,
m623,,,,,,,,,,,,,,,,,,,,,,,,,,,
m624,,,,,,,,,,,,,,,,,,,,,,,,,,,
m625,,,,,,,,,,,,,,,,,,,,,,,,,,,
m626,,,,,,,,,,,,,,,,,,,,,,,,,,,
m627,,,,,,,,,,,,,,,,,,,,,,,,,,,
m628,,,,,,,,,,,,,,,,,,,,,,,,,,,
m629,,,,,,,,,,,,,,,,,,,,,,,,,,,
m630,,,,,,,,,,,,,,,,,,,,,,,,,,,
m631,,,,,,,,,,,,,,,,,,,,,,,,,,,
m632,,,,,,,,,,,,,,,,,,,,,,,,,,,
m633,,,,,,,,,,,,,,,,,,,,,,,,,,,
m634,,,,,,,,,,,,,,,,,,,,,,,,,,,
m635,,,,,,,,,,,,,,,,,,,,,,,,,,,
m636,,,,,,,,,,,,,,,,,,,,,,,,,,,
m637,,,,,,,,,,,,,,,,,,,,,,,,,,,
m638,,,,,,,,,,,,,,,,,,,,,,,,,,,
m639,,,,,,,,,,,,,,,,,,,,,,,,,,,
m640,,,,,,,,,,,,,,,,,,,,,,,,,,,
m641,,,,,,,,,,,,,,,,,,,,,,,,,,,
m642,,,,,,,,,,,,,,,,,,,,,,,,,,,
m643,,,,,,,,,,,,,,,,,,,,,,,,,,,
m644,,,,,,,,,,,,,,,,,,,,,,,,,,,
m645,,,,,,,,,,,,,,,,,,,,,,,,,,,
m646,,,,,,,,,,,,,,,,,,,,,,,,,,,
m647,,,,,,,,,,,,,,,,,,,,,,,,,,,
m648,,,,,,,,,,,,,,,,,,,,,,,,,,,
m649,,,,,,,,,,,,,,,,,,,,,,,,,,,
m650,,,,,,,,,,,,,,,,,,,,,,,,,,,
m651,,,,,,,,,,,,,,,,,,,,,,,,,,,
m652,,,,,,,,,,,,,,,,,,,,,,,,,,,
m653,,,,,,,,,,,,,,,,,,,,,,,,,,,
m654,,,,,,,,,,,,,,,,,,,,,,,,,,,
m655,,,,,,,,,,,,,,,,,,,,,,,,,,,
m656,,,,,,,,,,,,,,,,,,,,,,,,,,,
m657,,,,,,,,,,,,,,,,,,,,,,,,,,,
m658,,,,,,,,,,,,,,,,,,,,,,,,,,,
m659,,,,,,,,,,,,,,,,,,,,,,,,,,,
m660,,,,,,,,,,,,,,,,,,,,,,,,,,,
m661,,,,,,,,,,,,,,,,,,,,,,,,,,,
m662,,,,,,,,,,,,,,,,,,,,,,,,,,,
m663,,,,,,,,,,,,,,,,,,,,,,,,,,,
m664,,,,,,,,,,,,,,,,,,,,,,,,,,,
m665,,,,,,,,,,,,,,,,,,,,,,,,,,,
m666,,,,,,,,,,,,,,,,,,,,,,,,,,,
m667,,,,,,,,,,,,,,,,,,,,,,,,,,,
m668,,,,,,,,,,,,,,,,,,,,,,,,,,,
m669,,,,,,,,,,,,,,,,,,,,,,,,,,,
m670,,,,,,,,,,,,,,,,,,,,,,,,,,,
m671,,,,,,,,,,,,,,,,,,,,,,,,,,,
m672,,,,,,,,,,,,,,,,,,,,,,,,,,,
m673,,,,,,,,,,,,,,,,,,,,,,,,,,,
m674,,,,,,,,,,,,,,,,,,,,,,,,,,,
m675,,,,,,,,,,,,,,,,,,,,,,,,,,,
m676,,,,,,,,,,,,,,,,,,,,,,,,,,,
m677,,,,,,,,,,,,,,,,,,,,,,,,,,,
m678,,,,,,,,,,,,,,,,,,,,,,,,,,,
m679,,,,,,,,,,,,,,,,,,,,,,,,,,,
m680,,,,,,,,,,,,,,,,,,,,,,,,,,,
m681,,,,,,,,,,,,,,,,,,,,,,,,,,,
m682,,,,,,,,,,,,,,,,,,,,,,,,,,,
m683,,,,,,,,,,,,,,,,,,,,,,,,,,,
m684,,,,,,,,,,,,,,,,,,,,,,,,,,,
m685,,,,,,,,,,,,,,,,,,,,,,,,,,,
m686,,,,,,,,,,,,,,,,,,,,,,,,,,,
m687,,,,,,,,,,,,,,,,,,,,,,,,,,,
m688,,,,,,,,,,,,,,,,,,,,,,,,,,,
m689,,,,,,,,,,,,,,,,,,,,,,,,,,,
m690,,,,,,,,,,,,,,,,,,,,,,,,,,,
m691,,,,,,,,,,,,,,,,,,,,,,,,,,,
m692,,,,,,,,,,,,,,,,,,,,,,,,,,,
m693,,,,,,,,,,,,,,,,,,,,,,,,,,,
m694,,,,,,,,,,,,,,,,,,,,,,,,,,,
m695,,,,,,,,,,,,,,,,,,,,,,,,,,,
m696,,,,,,,,,,,,,,,,,,,,,,,,,,,
m697,,,,,,,,,,,,,,,,,,,,,,,,,,,
m698,,,,,,,,,,,,,,,,,,,,,,,,,,,
m699,,,,,,,,,,,,,,,,,,,,,,,,,,,
m700,,,,,,,,,,,,,,,,,,,,,,,,,,,
m701,,,,,,,,,,,,,,,,,,,,,,,,,,,
m702,,,,,,,,,,,,,,,,,,,,,,,,,,,
m703,,,,,,,,,,,,,,,,,,,,,,,,,,,
m704,,,,,,,,,,,,,,,,,,,,,,,,,,,
m705,,,,,,,,,,,,,,,,,,,,,,,,,,,
m706,,,,,,,,,,,,,,,,,,,,,,,,,,,
m707,,,,,,,,,,,,,,,,,,,,,,,,,,,
m708,,,,,,,,,,,,,,,,,,,,,,,,,,,
m709,,,,,,,,,,,,,,,,,,,,,,,,,,,
m710,,,,,,,,,,,,,,,,,,,,,,,,,,,
m711,,,,,,,,,,,,,,,,,,,,,,,,,,,
m712,,,,,,,,,,,,,,,,,,,,,,,,,,,
m713,,,,,,,,,,,,,,,,,,,,,,,,,,,
m714,,,,,,,,,,,,,,,,,,,,,,,,,,,
m715,,,,,,,,,,,,,,,,,,,,,,,,,,,
m716,,,,,,,,,,,,,,,,,,,,,,,,,,,
m717,,,,,,,,,,,,,,,,,,,,,,,,,,,
m718,,,,,,,,,,,,,,,,,,,,,,,,,,,
m719,,,,,,,,,,,,,,,,,,,,,,,,,,,
m720,,,,,,,,,,,,,,,,,,,,,,,,,,,
m721,,,,,,,,,,,,,,,,,,,,,,,,,,,
m722,,,,,,,,,,,,,,,,,,,,,,,,,,,
m723,,,,,,,,,,,,,,,,,,,,,,,,,,,
m724,,,,,,,,,,,,,,,,,,,,,,,,,,,
m725,,,,,,,,,,,,,,,,,,,,,,,,,,,
m726,,,,,,,,,,,,,,,,,,,,,,,,,,,
m727,,,,,,,,,,,,,,,,,,,,,,,,,,,
m728,,,,,,,,,,,,,,,,,,,,,,,,,,,
m729,,,,,,,,,,,,,,,,,,,,,,,,,,,
m730,,,,,,,,,,,,,,,,,,,,,,,,,,,
m731,,,,,,,,,,,,,,,,,,,,,,,,,,,
m732,,,,,,,,,,,,,,,,,,,,,,,,,,,
m733,,,,,,,,,,,,,,,,,,,,,,,,,,,
m734,,,,,,,,,,,,,,,,,,,,,,,,,,,
m735,,,,,,,,,,,,,,,,,,,,,,,,,,,
m736,,,,,,,,,,,,,,,,,,,,,,,,,,,
m737,,,,,,,,,,,,,,,,,,,,,,,,,,,
m738,,,,,,,,,,,,,,,,,,,,,,,,,,,
m739,,,,,,,,,,,,,,,,,,,,,,,,,,,
m740,,,,,,,,,,,,,,,,,,,,,,,,,,,
m741,,,,,,,,,,,,,,,,,,,,,,,,,,,
m742,,,,,,,,,,,,,,,,,,,,,,,,,,,
m743,,,,,,,,,,,,,,,,,,,,,,,,,,,
m744,,,,,,,,,,,,,,,,,,,,,,,,,,,
m745,,,,,,,,,,,,,,,,,,,,,,,,,,,
m746,,,,,,,,,,,,,,,,,,,,,,,,,,,
m747,,,,,,,,,,,,,,,,,,,,,,,,,,,
m748,,,,,,,,,,,,,,,,,,,,,,,,,,,
m749,,,,,,,,,,,,,,,,,,,,,,,,,,,
m750,,,,,,,,,,,,,,,,,,,,,,,,,,,
m751,,,,,,,,,,,,,,,,,,,,,,,,,,,
m752,,,,,,,,,,,,,,,,,,,,,,,,,,,
m753,,,,,,,,,,,,,,,,,,,,,,,,,,,
m754,,,,,,,,,,,,,,,,,,,,,,,,,,,
m755,,,,,,,,,,,,,,,,,,,,,,,,,,,
m756,,,,,,,,,,,,,,,,,,,,,,,,,,,
m757,,,,,,,,,,,,,,,,,,,,,,,,,,,
m758,,,,,,,,,,,,,,,,,,,,,,,,,,,
m759,,,,,,,,,,,,,,,,,,,,,,,,,,,
m760,,,,,,,,,,,,,,,,,,,,,,,,,,,
m761,,,,,,,,,,,,,,,,,,,,,,,,,,,
m762,,,,,,,,,,,,,,,,,,,,,,,,,,,
m763,,,,,,,,,,,,,,,,,,,,,,,,,,,
m764,,,,,,,,,,,,,,,,,,,,,,,,,,,
m765,,,,,,,,,,,,,,,,,,,,,,,,,,,
m766,,,,,,,,,,,,,,,,,,,,,,,,,,,
m767,,,,,,,,,,,,,,,,,,,,,,,,,,,
m768,,,,,,,,,,,,,,,,,,,,,,,,,,,
m769,,,,,,,,,,,,,,,,,,,,,,,,,,,
m770,,,,,,,,,,,,,,,,,,,,,,,,,,,
m771,,,,,,,,,,,,,,,,,,,,,,,,,,,
m772,,,,,,,,,,,,,,,,,,,,,,,,,,,
m773,,,,,,,,,,,,,,,,,,,,,,,,,,,
m774,,,,,,,,,,,,,,,,,,,,,,,,,,,
m775,,,,,,,,,,,,,,,,,,,,,,,,,,,
m776,,,,,,,,,,,,,,,,,,,,,,,,,,,
m777,,,,,,,,,,,,,,,,,,,,,,,,,,,
m778,,,,,,,,,,,,,,,,,,,,,,,,,,,
m779,,,,,,,,,,,,,,,,,,,,,,,,,,,
m780,,,,,,,,,,,,,,,,,,,,,,,,,,,
m781,,,,,,,,,,,,,,,,,,,,,,,,,,,
m782,,,,,,,,,,,,,,,,,,,,,,,,,,,
m783,,,,,,,,,,,,,,,,,,,,,,,,,,,
m784,,,,,,,,,,,,,,,,,,,,,,,,,,,
m785,,,,,,,,,,,,,,,,,,,,,,,,,,,
m786,,,,,,,,,,,,,,,,,,,,,,,,,,,
m787,,,,,,,,,,,,,,,,,,,,,,,,,,,
m788,,,,,,,,,,,,,,,,,,,,,,,,,,,
m789,,,,,,,,,,,,,,,,,,,,,,,,,,,
m790,,,,,,,,,,,,,,,,,,,,,,,,,,,
m791,,,,,,,,,,,,,,,,,,,,,,,,,,,
m792,,,,,,,,,,,,,,,,,,,,,,,,,,,
m793,,,,,,,,,,,,,,,,,,,,,,,,,,,
m794,,,,,,,,,,,,,,,,,,,,,,,,,,,
m795,,,,,,,,,,,,,,,,,,,,,,,,,,,
m796,,,,,,,,,,,,,,,,,,,,,,,,,,,
m797,,,,,,,,,,,,,,,,,,,,,,,,,,,
m798,,,,,,,,,,,,,,,,,,,,,,,,,,,
m799,,,,,,,,,,,,,,,,,,,,,,,,,,,
m800,,,,,,,,,,,,,,,,,,,,,,,,,,,
m801,,,,,,,,,,,,,,,,,,,,,,,,,,,
m802,,,,,,,,,,,,,,,,,,,,,,,,,,,
m803,,,,,,,,,,,,,,,,,,,,,,,,,,,
m804,,,,,,,,,,,,,,,,,,,,,,,,,,,
m805,,,,,,,,,,,,,,,,,,,,,,,,,,,
m806,,,,,,,,,,,,,,,,,,,,,,,,,,,
m807,,,,,,,,,,,,,,,,,,,,,,,,,,,
m808,,,,,,,,,,,,,,,,,,,,,,,,,,,
m809,,,,,,,,,,,,,,,,,,,,,,,,,,,
m810,,,,,,,,,,,,,,,,,,,,,,,,,,,
m811,,,,,,,,,,,,,,,,,,,,,,,,,,,
m812,,,,,,,,,,,,,,,,,,,,,,,,,,,
m813,,,,,,,,,,,,,,,,,,,,,,,,,,,
m814,,,,,,,,,,,,,,,,,,,,,,,,,,,
m815,,,,,,,,,,,,,,,,,,,,,,,,,,,
m816,,,,,,,,,,,,,,,,,,,,,,,,,,,
m817,,,,,,,,,,,,,,,,,,,,,,,,,,,
m818,,,,,,,,,,,,,,,,,,,,,,,,,,,
m819,,,,,,,,,,,,,,,,,,,,,,,,,,,
m820,,,,,,,,,,,,,,,,,,,,,,,,,,,
m821,,,,,,,,,,,,,,,,,,,,,,,,,,,
m822,,,,,,,,,,,,,,,,,,,,,,,,,,,
m823,,,,,,,,,,,,,,,,,,,,,,,,,,,
m824,,,,,,,,,,,,,,,,,,,,,,,,,,,
m825,,,,,,,,,,,,,,,,,,,,,,,,,,,
m826,,,,,,,,,,,,,,,,,,,,,,,,,,,
m827,,,,,,,,,,,,,,,,,,,,,,,,,,,
m828,,,,,,,,,,,,,,,,,,,,,,,,,,,
m829,,,,,,,,,,,,,,,,,,,,,,,,,,,
m830,,,,,,,,,,,,,,,,,,,,,,,,,,,
m831,,,,,,,,,,,,,,,,,,,,,,,,,,,
m832,,,,,,,,,,,,,,,,,,,,,,,,,,,
m833,,,,,,,,,,,,,,,,,,,,,,,,,,,
m834,,,,,,,,,,,,,,,,,,,,,,,,,,,
m835,,,,,,,,,,,,,,,,,,,,,,,,,,,
m836,,,,,,,,,,,,,,,,,,,,,,,,,,,
m837,,,,,,,,,,,,,,,,,,,,,,,,,,,
m838,,,,,,,,,,,,,,,,,,,,,,,,,,,
m839,,,,,,,,,,,,,,,,,,,,,,,,,,,
m840,,,,,,,,,,,,,,,,,,,,,,,,,,,
m841,,,,,,,,,,,,,,,,,,,,,,,,,,,
m842,,,,,,,,,,,,,,,,,,,,,,,,,,,
m843,,,,,,,,,,,,,,,,,,,,,,,,,,,
m844,,,,,,,,,,,,,,,,,,,,,,,,,,,
m845,,,,,,,,,,,,,,,,,,,,,,,,,,,
m846,,,,,,,,,,,,,,,,,,,,,,,,,,,
m847,,,,,,,,,,,,,,,,,,,,,,,,,,,
m848,,,,,,,,,,,,,,,,,,,,,,,,,,,
m849,,,,,,,,,,,,,,,,,,,,,,,,,,,
m850,,,,,,,,,,,,,,,,,,,,,,,,,,,
m851,,,,,,,,,,,,,,,,,,,,,,,,,,,
m852,,,,,,,,,,,,,,,,,,,,,,,,,,,
m853,,,,,,,,,,,,,,,,,,,,,,,,,,,
m854,,,,,,,,,,,,,,,,,,,,,,,,,,,
m855,,,,,,,,,,,,,,,,,,,,,,,,,,,
m856,,,,,,,,,,,,,,,,,,,,,,,,,,,
m857,,,,,,,,,,,,,,,,,,,,,,,,,,,
m858,,,,,,,,,,,,,,,,,,,,,,,,,,,
m859,,,,,,,,,,,,,,,,,,,,,,,,,,,
m860,,,,,,,,,,,,,,,,,,,,,,,,,,,
m861,,,,,,,,,,,,,,,,,,,,,,,,,,,
m862,,,,,,,,,,,,,,,,,,,,,,,,,,,
m863,,,,,,,,,,,,,,,,,,,,,,,,,,,
m864,,,,,,,,,,,,,,,,,,,,,,,,,,,
m865,,,,,,,,,,,,,,,,,,,,,,,,,,,
m866,,,,,,,,,,,,,,,,,,,,,,,,,,,
m867,,,,,,,,,,,,,,,,,,,,,,,,,,,
m868,,,,,,,,,,,,,,,,,,,,,,,,,,,
m869,,,,,,,,,,,,,,,,,,,,,,,,,,,
m870,,,,,,,,,,,,,,,,,,,,,,,,,,,
m871,,,,,,,,,,,,,,,,,,,,,,,,,,,
m872,,,,,,,,,,,,,,,,,,,,,,,,,,,
m873,,,,,,,,,,,,,,,,,,,,,,,,,,,
m874,,,,,,,,,,,,,,,,,,,,,,,,,,,
m875,,,,,,,,,,,,,,,,,,,,,,,,,,,
m876,,,,,,,,,,,,,,,,,,,,,,,,,,,
m877,,,,,,,,,,,,,,,,,,,,,,,,,,,
m878,,,,,,,,,,,,,,,,,,,,,,,,,,,
m879,,,,,,,,,,,,,,,,,,,,,,,,,,,
m880,,,,,,,,,,,,,,,,,,,,,,,,,,,
m881,,,,,,,,,,,,,,,,,,,,,,,,,,,
m882,,,,,,,,,,,,,,,,,,,,,,,,,,,
m883,,,,,,,,,,,,,,,,,,,,,,,,,,,
m884,,,,,,,,,,,,,,,,,,,,,,,,,,,
m885,,,,,,,,,,,,,,,,,,,,,,,,,,,
m886,,,,,,,,,,,,,,,,,,,,,,,,,,,
m887,,,,,,,,,,,,,,,,,,,,,,,,,,,
m888,,,,,,,,,,,,,,,,,,,,,,,,,,,
m889,,,,,,,,,,,,,,,,,,,,,,,,,,,
m890,,,,,,,,,,,,,,,,,,,,,,,,,,,
m891,,,,,,,,,,,,,,,,,,,,,,,,,,,
m892,,,,,,,,,,,,,,,,,,,,,,,,,,,
m893,,,,,,,,,,,,,,,,,,,,,,,,,,,
m894,,,,,,,,,,,,,,,,,,,,,,,,,,,
m895,,,,,,,,,,,,,,,,,,,,,,,,,,,
m896,,,,,,,,,,,,,,,,,,,,,,,,,,,
m897,,,,,,,,,,,,,,,,,,,,,,,,,,,
m898,,,,,,,,,,,,,,,,,,,,,,,,,,,
m899,,,,,,,,,,,,,,,,,,,,,,,,,,,
m900,,,,,,,,,,,,,,,,,,,,,,,,,,,
m901,,,,,,,,,,,,,,,,,,,,,,,,,,,
m902,,,,,,,,,,,,,,,,,,,,,,,,,,,
m903,,,,,,,,,,,,,,,,,,,,,,,,,,,
m904,,,,,,,,,,,,,,,,,,,,,,,,,,,
m905,,,,,,,,,,,,,,,,,,,,,,,,,,,
m906,,,,,,,,,,,,,,,,,,,,,,,,,,,
m907,,,,,,,,,,,,,,,,,,,,,,,,,,,
m908,,,,,,,,,,,,,,,,,,,,,,,,,,,
m909,,,,,,,,,,,,,,,,,,,,,,,,,,,
m910,,,,,,,,,,,,,,,,,,,,,,,,,,,
m911,,,,,,,,,,,,,,,,,,,,,,,,,,,
m912,,,,,,,,,,,,,,,,,,,,,,,,,,,
m913,,,,,,,,,,,,,,,,,,,,,,,,,,,
m914,,,,,,,,,,,,,,,,,,,,,,,,,,,
m915,,,,,,,,,,,,,,,,,,,,,,,,,,,
m916,,,,,,,,,,,,,,,,,,,,,,,,,,,
m917,,,,,,,,,,,,,,,,,,,,,,,,,,,
m918,,,,,,,,,,,,,,,,,,,,,,,,,,,
m919,,,,,,,,,,,,,,,,,,,,,,,,,,,
m920,,,,,,,,,,,,,,,,,,,,,,,,,,,
m921,,,,,,,,,,,,,,,,,,,,,,,,,,,
m922,,,,,,,,,,,,,,,,,,,,,,,,,,,
m923,,,,,,,,,,,,,,,,,,,,,,,,,,,
m924,,,,,,,,,,,,,,,,,,,,,,,,,,,
m925,,,,,,,,,,,,,,,,,,,,,,,,,,,
m926,,,,,,,,,,,,,,,,,,,,,,,,,,,
m927,,,,,,,,,,,,,,,,,,,,,,,,,,,
m928,,,,,,,,,,,,,,,,,,,,,,,,,,,
m929,,,,,,,,,,,,,,,,,,,,,,,,,,,
m930,,,,,,,,,,,,,,,,,,,,,,,,,,,
m931,,,,,,,,,,,,,,,,,,,,,,,,,,,
m932,,,,,,,,,,,,,,,,,,,,,,,,,,,
m933,,,,,,,,,,,,,,,,,,,,,,,,,,,
m934,,,,,,,,,,,,,,,,,,,,,,,,,,,
m935,,,,,,,,,,,,,,,,,,,,,,,,,,,
m936,,,,,,,,,,,,,,,,,,,,,,,,,,,
m937,,,,,,,,,,,,,,,,,,,,,,,,,,,
m938,,,,,,,,,,,,,,,,,,,,,,,,,,,
m939,,,,,,,,,,,,,,,,,,,,,,,,,,,
m940,,,,,,,,,,,,,,,,,,,,,,,,,,,
m941,,,,,,,,,,,,,,,,,,,,,,,,,,,
m942,,,,,,,,,,,,,,,,,,,,,,,,,,,
m943,,,,,,,,,,,,,,,,,,,,,,,,,,,
m944,,,,,,,,,,,,,,,,,,,,,,,,,,,
m945,,,,,,,,,,,,,,,,,,,,,,,,,,,
m946,,,,,,,,,,,,,,,,,,,,,,,,,,,
m947,,,,,,,,,,,,,,,,,,,,,,,,,,,
m948,,,,,,,,,,,,,,,,,,,,,,,,,,,
m949,,,,,,,,,,,,,,,,,,,,,,,,,,,
m950,,,,,,,,,,,,,,,,,,,,,,,,,,,
m951,,,,,,,,,,,,,,,,,,,,,,,,,,,
m952,,,,,,,,,,,,,,,,,,,,,,,,,,,
m953,,,,,,,,,,,,,,,,,,,,,,,,,,,
m954,,,,,,,,,,,,,,,,,,,,,,,,,,,
m955,,,,,,,,,,,,,,,,,,,,,,,,,,,
m956,,,,,,,,,,,,,,,,,,,,,,,,,,,
m957,,,,,,,,,,,,,,,,,,,,,,,,,,,
m958,,,,,,,,,,,,,,,,,,,,,,,,,,,
m959,,,,,,,,,,,,,,,,,,,,,,,,,,,
m960,,,,,,,,,,,,,,,,,,,,,,,,,,,
m961,,,,,,,,,,,,,,,,,,,,,,,,,,,
m962,,,,,,,,,,,,,,,,,,,,,,,,,,,
m963,,,,,,,,,,,,,,,,,,,,,,,,,,,
m964,,,,,,,,,,,,,,,,,,,,,,,,,,,
m965,,,,,,,,,,,,,,,,,,,,,,,,,,,
m966,,,,,,,,,,,,,,,,,,,,,,,,,,,
m967,,,,,,,,,,,,,,,,,,,,,,,,,,,
m968,,,,,,,,,,,,,,,,,,,,,,,,,,,
m969,,,,,,,,,,,,,,,,,,,,,,,,,,,
m970,,,,,,,,,,,,,,,,,,,,,,,,,,,
m971,,,,,,,,,,,,,,,,,,,,,,,,,,,
m972,,,,,,,,,,,,,,,,,,,,,,,,,,,
m973,,,,,,,,,,,,,,,,,,,,,,,,,,,
m974,,,,,,,,,,,,,,,,,,,,,,,,,,,
m975,,,,,,,,,,,,,,,,,,,,,,,,,,,
m976,,,,,,,,,,,,,,,,,,,,,,,,,,,
m977,,,,,,,,,,,,,,,,,,,,,,,,,,,
m978,,,,,,,,,,,,,,,,,,,,,,,,,,,
m979,,,,,,,,,,,,,,,,,,,,,,,,,,,
m980,,,,,,,,,,,,,,,,,,,,,,,,,,,
m981,,,,,,,,,,,,,,,,,,,,,,,,,,,
m982,,,,,,,,,,,,,,,,,,,,,,,,,,,
m983,,,,,,,,,,,,,,,,,,,,,,,,,,,
m984,,,,,,,,,,,,,,,,,,,,,,,,,,,
m985,,,,,,,,,,,,,,,,,,,,,,,,,,,
m986,,,,,,,,,,,,,,,,,,,,,,,,,,,
m987,,,,,,,,,,,,,,,,,,,,,,,,,,,
m988,,,,,,,,,,,,,,,,,,,,,,,,,,,
m989,,,,,,,,,,,,,,,,,,,,,,,,,,,
m990,,,,,,,,,,,,,,,,,,,,,,,,,,,
m991,,,,,,,,,,,,,,,,,,,,,,,,,,,
m992,,,,,,,,,,,,,,,,,,,,,,,,,,,
m993,,,,,,,,,,,,,,,,,,,,,,,,,,,
m994,,,,,,,,,,,,,,,,,,,,,,,,,,,
m995,,,,,,,,,,,,,,,,,,,,,,,,,,,
m996,,,,,,,,,,,,,,,,,,,,,,,,,,,
m997,,,,,,,,,,,,,,,,,,,,,,,,,,,
m998,,,,,,,,,,,,,,,,,,,,,,,,,,,
m999,,,,,,,,,,,,,,,,,,,,,,,,,,,