tree_id,flag_id,site_id,transect_id,spp,dist_x,dist_y,status,dbh,height_m,hdm_pa,b_lc,dmr_l,dmr_m,dmr_u,broom_pa,broom_pos,stem_pa,crown_class,dam_agent_1,dam_agent_2,path_ind_1,path_ind_2,crown_cond,notes
r1,w60,mi_1,136,Hw,-0.6,2.4,LS,20.9,17.2,Y,Y,0,1,0,N,-,-,C,,,-,-,1,
r2,w118,mi_1,136,Hw,-0.4,3.3,DS,6.1,,N,-,-,-,-,-,-,-,-,,,-,-,-,
r3,w10,mi_1,136,Hw,1.4,3.0,LS,8.7,,N,-,-,-,-,-,-,-,S,,,-,-,1,
r4,w67,mi_1,136,Dr,1.5,3.2,LS,7.3,,-,-,-,-,-,-,-,-,S,,,-,-,1,
r5,w116,mi_1,136,Hw,0.1,4.6,LS,9.1,,Y,N,1,0,0,N,-,-,S,,,-,-,1,
r6,w59,mi_1,136,Hw,-1.5,3.9,LS,18.7,20.4,Y,Y,0,0,0,N,-,-,C,,,-,-,1,
r7,w21,mi_1,136,Hw,-2.0,6.4,LS,4.2,,N,-,-,-,-,-,-,-,S,,,-,-,2,
r8,w52,mi_1,136,Ep,0.1,7.1,LS,11.7,,-,-,-,-,-,-,-,-,C,,,-,-,1,
r9,w50,mi_1,136,Ep,0.5,10.1,LS,10.0,,-,-,-,-,-,-,-,-,C,,,-,-,1,
r10,w53,mi_1,136,Dr,0.1,10.4,LS,9.6,,-,-,-,-,-,-,-,-,I,,,-,-,1,
r11,w14,mi_1,136,Fd,-0.3,10.7,LS,21.8,,Y,Y,0,0,0,N,-,-,C,,,-,-,2,signs of HDM
r12,w15,mi_1,136,Fd,2.1,12.3,LS,11.0,,N,-,-,-,-,-,-,-,I,,,-,-,2,SNC?
r13,w37,mi_1,136,Hw,-0.5,13.1,LF,13.6,,N,-,-,-,-,-,-,-,I,,,-,-,2,
r14,w75,mi_1,136,Fd,0.2,13.7,LS,19.0,,Y,Y,0,0,0,N,-,-,C,,,1,-,2,signs of HDM below live crown
r15,w119,mi_1,136,Mv,1.1,13.5,LS,4.9,,-,-,-,-,-,-,-,-,S,,,-,-,1,
r16,w47,mi_1,136,Hw,2.3,13.5,LS,26.9,22.1,Y,N,0,1,0,N,-,-,C,,,-,-,1,
r17,y36,mi_1,140,Hw,1.7,0.7,LS,17.0,,Y,Y,2,1,0,Y,1,Y,I,,,,,1,
r18,y12,mi_1,140,Hw,1.5,1.4,SN,8.1,,Y,-,-,-,-,-,-,-,-,,,,,-,
r19,y63,mi_1,140,Hw,0.3,2.3,SN,8.4,,Y,-,-,-,-,-,-,-,-,,,,,-,resid #1
r20,y66,mi_1,140,Hw,-1.7,3.1,LS,27.7,,Y,Y,2,2,1,Y,1,Y,C,,,,,1,
r21,y5,mi_1,140,Hw,-2.0,4.3,SN,5.1,,Y,-,-,-,-,-,-,-,-,,,,,-,
r22,y65,mi_1,140,Hw,1.1,6.4,LS,23.6,24.3,Y,Y,1,1,0,N,-,-,C,,,,,1,
r23,y61,mi_1,140,Hw,-2.2,8.3,LS,12.8,,Y,Y,1,1,1,N,-,-,C,,,,,1,
r24,y4,mi_1,140,Hw,-1.2,9.1,LS,21.0,,Y,Y,1,1,1,Y,1,N,C,,,,,1,
r25,y62,mi_1,140,Hw,-1.4,9.5,LS,18.9,,Y,Y,1,1,0,N,-,-,C,,,,,1,
r26,y67,mi_1,140,Hw,1.1,9.9,LS,15.9,,Y,Y,0,0,0,N,-,-,C,,,,,1,forked with r27
r27,y8,mi_1,140,Hw,0.9,10.1,LS,22.9,21.5,N,-,-,-,-,-,-,-,C,,,,,1,forked with r26
r28,y3,mi_1,140,Fd,-1.4,11.0,LS,17.2,,N,-,-,-,-,-,-,-,C,,,,,2,
r29,y7,mi_1,140,Hw,-1.5,14.2,LS,29.0,,Y,Y,0,1,0,N,-,-,C,,,,,1,
r30,y70,mi_1,140,Fd,0.3,14.8,DS,12.9,,N,-,-,-,-,-,-,-,-,,,7,,3,
r31,y64,mi_1,140,Hw,1.6,16.2,LS,33.1,23.3,Y,Y,1,0,0,N,-,-,D,,,,,1,
r32,y71,mi_1,140,Fd,0.2,17.4,LS,11.3,,N,-,-,-,-,-,-,-,I,DF,,7,,2,
r33,y58,mi_1,140,Hw,-0.5,18.2,LL,4.0,,N,-,-,-,-,-,-,-,S,,,1,,2,
r34,y6,mi_1,140,Hw,-2.4,19.3,LL,4.2,,N,-,-,-,-,-,-,-,S,,,,,2,
r35,y68,mi_1,140,Fd,-2.5,20.4,LS,14.0,,N,-,-,-,-,-,-,-,C,,,,,2,
r36,y60,mi_1,140,Fd,-0.1,22.0,LS,24.7,,N,-,-,-,-,-,-,-,D,,,,,2,
r37,y59,mi_1,141,Hw,-0.4,3.7,DS,5.7,,Y,-,-,-,-,-,-,-,-,DR,,,,-,
r38,y120,mi_1,141,Fd,-1.4,4.0,DS,10.6,,N,-,-,-,-,-,-,-,-,,,,,-,
r39,y14,mi_1,141,Hw,1.5,5.0,LS,15.7,,Y,Y,2,2,1,Y,1,Y,I,,,,,1,
r40,y9,mi_1,141,Hw,2.1,6.5,LS,33.0,28.6,Y,Y,2,1,0,Y,4,Y,D,,,,,1,Resid #3
r41,y20,mi_1,141,Mv,-1.7,6.8,LL,4.7,,-,-,-,-,-,-,-,-,S,,,,,2,clump (r41-r44)
r42,y19,mi_1,141,Mv,-1.7,6.8,DS,4.0,,-,-,-,-,-,-,-,-,-,,,,,-,clump (r41-r44)
r43,y22,mi_1,141,Mv,-1.7,6.8,LS,4.4,,-,-,-,-,-,-,-,-,S,,,,,2,clump (r41-r44)
r44,y23,mi_1,141,Mv,-1.7,6.8,DS,4.3,,-,-,-,-,-,-,-,-,-,,,,,-,clump (r41-r44)
r45,y57,mi_1,141,Mv,-1.7,7.9,SN,4.1,,-,-,-,-,-,-,-,-,-,,,,,-,
r46,y48,mi_1,141,Mv,2.1,8.1,SN,5.0,,-,-,-,-,-,-,-,-,-,,,,,-,clump (r46-r47)
r47,y32,mi_1,141,Mv,2.1,8.1,LL,4.6,,-,-,-,-,-,-,-,-,-,,,,,-,clump (r46-r47)
r48,y10,mi_1,141,Hw,1.2,9.6,LS,19.4,,Y,Y,1,1,0,Y,1,N,C,,,,,1,
r49,y16,mi_1,141,Hw,0.2,9.6,LS,25.0,23.5,Y,Y,1,1,0,N,-,-,C,,,,,1,
r50,y106,mi_1,141,Hw,-2.5,9.6,LS,36.0,,Y,Y,2,1,0,Y,4,Y,D,,,,,1,
r51,y18,mi_1,141,U,-1.6,9.9,SN,6.5,,-,-,-,-,-,-,-,-,-,,,,,-,
r52,y17,mi_1,141,Hw,-1.4,10.0,LS,19.6,20.5,Y,Y,0,1,0,N,-,-,C,,,,,1,
r53,y11,mi_1,141,Hw,0.8,10.3,LS,21.4,,Y,Y,1,1,0,N,-,-,C,,,,,1,
r54,y15,mi_1,141,Dr,0.6,10.9,LS,6.2,,-,-,-,-,-,-,-,-,I,DF,,,,2,SNC
r55,y41,mi_1,141,Fd,0.4,13.7,LS,17.5,,N,-,-,-,-,-,-,-,C,DF,,,,2,SNC
r56,y35,mi_1,141,Fd,2.3,15.1,LS,25.0,,N,-,-,-,-,-,-,-,D,DF,,,,2,SNC
r57,y101,mi_1,141,Fd,1.8,17.1,LS,19.2,,N,-,-,-,-,-,-,-,C,,,,,2,
r58,y112,mi_1,141,Fd,-0.7,17.1,SN,21.5,,-,-,-,-,-,-,-,-,-,,,,,-,
r59,y33,mi_1,141,Mv,0.8,18.0,LL,4.9,,-,-,-,-,-,-,-,-,S,,,,,1,
r60,y111,mi_1,141,Mv,0.8,18.0,LL,4.2,,-,-,-,-,-,-,-,-,S,,,,,1,
r61,y55,mi_1,141,Fd,0.6,19.8,LS,22.5,,N,-,-,-,-,-,-,-,D,DF,,,,2,SNC
r62,,cr_1,166,Dr,0.1,8.3,LS,15.7,,-,-,-,-,-,-,-,-,C,,,,,1,
r63,w9,cr_1,166,Hw,-1.1,11.4,LS,20.7,22.8,Y,Y,1,0,0,N,-,Y,C,,,,,1,
r64,,cr_1,166,Cw,-0.2,14.3,LS,9.3,,-,-,-,-,-,-,-,-,S,,,,,1,
r65,w31,cr_1,166,Hw,2.0,15.3,LS,27.7,,Y,Y,1,1,0,Y,8,N,C,,,,,1,
r66,,cr_1,166,Cw,-2.4,15.9,DS,5.0,,-,-,-,-,-,-,-,-,S,,,,,-,
r67,,cr_1,166,Cw,-2.4,15.9,LS,7.2,,-,-,-,-,-,-,-,-,S,,,,,1,
r68,,cr_1,166,Dr,-1.5,17.6,LS,15.4,,-,-,-,-,-,-,-,-,C,,,,,1,
r69,,cr_1,166,Mb,-1.6,17.6,LS,4.4,,-,-,-,-,-,-,-,-,I,,,,,1,
r70,w21,cr_1,166,Hw,1.4,20.3,LS,7.6,,Y,Y,0,0,0,N,-,N,S,,,,,1,
r71,w102,cr_1,166,Hw,-0.9,19.9,LS,11.2,,Y,Y,1,0,0,N,-,N,I,,,7,,1,
r72,w112,cr_1,166,Hw,2.3,20.7,LS,21.1,,Y,Y,1,0,0,Y,1,N,C,,,1,,1,
r73,w68,cr_1,166,Hw,2.4,20.7,DS,8.4,,N,-,-,-,-,-,-,-,-,,,,,-,
r74,,cr_1,166,Hw,0.5,20.8,DS,9.3,,N,-,-,-,-,-,-,-,-,,,,,-,
r75,,cr_1,166,Hw,0.8,20.8,DS,4.9,,N,-,-,-,-,-,-,-,-,,,,,-,
r76,,cr_1,166,Hw,-1.0,21.0,DS,5.0,,N,-,-,-,-,-,-,-,-,,,,,-,
r77,w30,cr_1,166,Hw,0.3,21.8,LS,8.1,,Y,N,0,0,1,N,-,N,S,,,2,,1,
r78,w24,cr_1,166,Hw,-0.2,22.2,LS,22.1,27.7,Y,N,1,1,0,N,-,Y,C,,,1,,1,
r79,,cr_1,166,Fd,1.5,23.7,LS,21.4,,N,-,-,-,-,-,-,-,C,,,-,,2,
r80,,cr_1,166,Fd,1.3,24.4,DS,8.5,,-,-,-,-,-,-,-,-,-,,,1,,-,
r81,,cr_1,166,Dr,0.2,24.7,LS,13.2,,-,-,-,-,-,-,-,-,C,,,-,,1,
r82,w55,cr_1,166,Hw,-1.7,25.7,LS,7.8,,N,-,-,-,-,-,-,-,S,,,-,,1,
r83,w28,cr_1,166,Hw,-2.5,25.4,LS,14.5,,N,-,-,-,-,-,-,-,I,,,-,,1,
r84,w58,cr_1,166,Hw,-2.5,24.9,LS,11.1,,N,-,-,-,-,-,-,-,I,,,4,,1,
r85,,cr_1,166,Hw,-1.9,27.1,SN,4.6,,-,-,-,-,-,-,-,-,-,,,,,-,
r86,,cr_1,166,Hw,1.5,24.9,DS,5.1,,N,-,-,-,-,-,-,-,-,,,,,-,
r87,,cr_1,166,Dr,1.3,25.7,LS,17.3,,-,-,-,-,-,-,-,-,C,,,,,1,
r88,,cr_1,166,Dr,1.9,25.4,SN,6.6,,-,-,-,-,-,-,-,-,-,,,,,-,
r89,w67,cr_1,166,Hw,2.4,25.6,LS,7.5,,N,-,-,-,-,-,-,-,S,,,,,1,
r90,,cr_1,166,Hw,0.5,26.1,DS,6.8,,N,-,-,-,-,-,-,-,-,,,1,,-,
r91,,cr_1,166,Fd,-0.3,28.4,LS,10.5,,N,-,-,-,-,-,-,-,I,,,-,,2,
r92,w75,cr_1,166,Hw,1.0,28.6,LS,6.6,,N,-,-,-,-,-,-,-,S,,,1,,1,
r93,,cr_1,166,Dr,-1.1,29.2,LS,17.6,,-,-,-,-,-,-,-,-,C,,,,,1,
r94,w11,cr_1,166,Hw,-2.3,29.7,LS,12.3,,Y,N,1,0,0,N,-,N,I,,,1,,1,
r95,,cr_1,166,Hw,-2.1,29.9,DS,5.7,,N,-,-,-,-,-,-,-,-,,,,,-,
r96,,cr_1,166,Hw,-1.0,30.0,SN,5.5,,N,-,-,-,-,-,-,-,-,,,,,-,
r97,,cr_1,166,Fd,-1.3,30.9,LS,22.0,,N,-,-,-,-,-,-,-,C,,,,,2,
r98,w48,cr_1,166,Hw,-2.1,31.0,LS,9.7,,N,-,-,-,-,-,-,-,I,DS,,1,,2,
r99,w49,cr_1,166,Hw,0.6,29.8,LS,22.2,23.3,N,-,-,-,-,-,-,-,C,,,,,1,
r100,w42,cr_1,166,Hw,2.4,29.1,LL,8.7,,N,-,-,-,-,-,-,-,S,TM,,,,2,hit by dead fallen tree
r101,w3,cr_1,166,Hw,2.3,32.5,LS,11.6,,N,-,-,-,-,-,-,-,I,,,,,1,
r102,w51,cr_1,166,Hw,1.7,34.0,LL,4.5,,N,-,-,-,-,-,-,-,S,TM,,,,2,hit by dead fallen tree
r103,w26,cr_1,166,Hw,1.7,34.9,LS,20.5,22.3,Y,Y,0,0,0,N,-,N,C,,,,,1,Infection perimeter tree
r104,w29,cr_1,166,Hw,1.4,33.1,LS,20.6,,N,-,-,-,-,-,-,-,C,,,,,1,
r105,w22,cr_1,166,Hw,1.9,33.2,LS,11.8,,N,-,-,-,-,-,-,-,I,,,,,1,forked with r106
r106,w64,cr_1,166,Hw,1.9,33.2,LS,17.1,,N,-,-,-,-,-,-,-,I,,,,,1,forked with r105
r107,w69,cr_1,166,Hw,1.4,33.5,LS,17.9,,N,-,-,-,-,-,-,-,C,,,,,1,
r108,w4,cr_1,165,Hw,0.6,11.5,LS,23.0,22.2,Y,Y,2,0,0,N,-,N,C,,,7,,1,
r109,,cr_1,165,Hw,0.5,11.9,SN,5.5,,N,-,-,-,-,-,-,-,-,,,-,,-,
r110,,cr_1,165,Dr,0.4,12.9,LS,16.9,,N,-,-,-,-,-,-,-,C,,,-,,1,
r111,w52,cr_1,165,Hw,0.2,13.2,LL,5.7,,N,-,-,-,-,-,-,-,S,,,1,,1,
r112,w100,cr_1,165,Hw,0.0,13.5,LS,14.6,,Y,Y,2,1,0,N,-,N,I,,,,,1,
r113,,cr_1,165,Hw,2.1,13.4,SN,14.9,,N,-,-,-,-,-,-,-,-,TM,,,,-,
r114,w107,cr_1,165,Hw,1.0,15.0,LL,10.6,,Y,Y,1,0,0,N,-,N,S,,,,,1,
r115,,cr_1,165,Hw,-0.3,15.1,DS,4.4,,N,-,-,-,-,-,-,-,-,,,,,-,
r116,,cr_1,165,Hw,-0.9,16.7,DS,4.5,,N,-,-,-,-,-,-,-,-,,,,,-,
r117,w63,cr_1,165,Hw,-1.2,16.5,LS,4.9,,N,-,-,-,-,-,-,-,S,,,,,2,
r118,w46,cr_1,165,Hw,-2.0,16.8,LS,31.6,,Y,Y,1,0,0,N,-,Y,C,,,,,1,
r119,,cr_1,165,Dr,0.2,17.2,LS,15.3,,N,-,-,-,-,-,-,-,C,,,,,1,
r120,w33,cr_1,165,Hw,0.5,17.5,LS,6.2,,Y,N,0,1,0,N,-,N,S,,,,,1,
r121,w54,cr_1,165,Hw,1.2,17.5,LS,13.0,,Y,N,0,1,0,N,-,N,I,,,,,1,
r122,w65,cr_1,165,Hw,1.4,19.1,LL,8.9,,N,-,-,-,-,-,-,-,S,,,,,2,
r123,w2,cr_1,165,Hw,-0.8,18.8,LS,25.4,,Y,Y,1,1,0,N,-,N,C,,,,,1,
r124,w60,cr_1,165,Hw,-0.3,19.7,LS,19.5,,Y,Y,0,0,0,N,-,N,C,,,,,1,
r125,,cr_1,165,Hw,-0.8,19.8,DS,5.5,,N,-,-,-,-,-,-,-,-,,,,,-,forked wtih r126
r126,,cr_1,165,Hw,-0.8,19.8,DS,5.9,,N,-,-,-,-,-,-,-,-,,,,,-,forked with r125
r127,,cr_1,165,Fd,-2.2,20.6,LS,13.8,,N,-,-,-,-,-,-,-,I,,,1,,2,
r128,,cr_1,165,Hw,1.5,21.1,SN,10.4,,N,-,-,-,-,-,-,-,-,,,,,-,
r129,w66,cr_1,165,Hw,0.9,21.5,LS,11.5,,N,-,-,-,-,-,-,-,I,,,,,1,
r130,w38,cr_1,165,Hw,0.0,22.0,LL,9.2,,N,-,-,-,-,-,-,-,S,,,,,1,
r131,w5,cr_1,165,Hw,-0.2,23.3,LS,17.1,,N,-,-,-,-,-,-,-,C,,,,,1,forked with r132
r132,w32,cr_1,165,Hw,-0.2,23.3,LS,12.9,,N,-,-,-,-,-,-,-,I,,,5,,1,forked with r131
r133,,cr_1,165,Fd,-1.3,24.0,LS,16.7,,N,-,-,-,-,-,-,-,D,,,,,2,
r134,,cr_1,165,Dr,-1.8,26.8,LS,22.0,,N,-,-,-,-,-,-,-,D,,,,,1,
r135,w74,cr_1,165,Hw,1.2,25.3,LS,21.0,25.1,Y,N,1,0,0,N,-,N,C,,,,,1,
r136,w13,cr_1,165,Hw,1.2,26.6,LS,20.0,22.1,Y,Y,0,0,0,N,-,Y,C,,,,,1,
r137,,cr_1,165,Dr,2.1,31.4,DS,12.5,,N,-,-,-,-,-,-,-,-,,,,,-,
r138,w37,cr_1,165,Hw,-2.0,32.3,LS,24.8,21.2,Y,N,1,0,0,N,-,N,C,,,,,2,infection perimeter tree
r139,,cr_1,165,Fd,-0.8,34.6,LS,24.0,,N,-,-,-,-,-,-,-,C,,,,,1,
r140,,cr_1,164,Hw,-2.3,0.5,DS,5.3,,Y,-,-,-,-,-,-,-,-,,,,,-,
r141,,cr_1,164,Hw,0.2,1.0,DS,4.1,,Y,-,-,-,-,-,-,-,-,,,,,-,
r142,y15,cr_1,164,Hw,1.3,0.3,LS,4.7,,N,-,-,-,-,-,-,-,S,,,1,,1,
r143,y31,cr_1,164,Hw,0.6,1.3,LS,12.7,,Y,Y,1,0,0,N,-,N,I,DS,,,,1,
r144,y100,cr_1,164,Hw,2.4,1.4,LS,5.4,,N,-,-,-,-,-,-,-,S,,,,,1,
r145,y119,cr_1,164,Hw,1.4,2.4,LS,7.4,,Y,Y,0,1,0,N,-,N,S,,,,,1,
r146,y102,cr_1,164,Hw,2.3,4.1,LS,11.3,,Y,Y,2,1,1,N,-,Y,I,,,,,1,
r147,y45,cr_1,164,Hw,-1.9,3.0,LS,9.5,,Y,Y,0,0,0,N,-,N,S,,,,,1,
r148,,cr_1,164,Hw,-2.5,4.2,DS,4.8,,Y,-,-,-,-,-,-,-,-,,,,,-,
r149,,cr_1,164,Hw,-2.5,4.7,DS,6.0,,Y,-,-,-,-,-,-,-,-,,,,,-,
r150,y113,cr_1,164,Hw,-1.4,5.3,LS,8.5,,Y,Y,2,1,0,N,-,Y,S,,,1,,1,
r151,,cr_1,164,Hw,-0.7,5.3,DS,5.8,,N,-,-,-,-,-,-,-,-,DRA,,,,-,forked with r152
r152,,cr_1,164,Hw,-0.7,5.3,DS,6.3,,Y,-,-,-,-,-,-,-,-,DRA,,,,-,forked with r151
r153,,cr_1,164,Dr,0.2,7.6,LS,14.0,,-,-,-,-,-,-,-,-,C,,,,,1,
r154,y38,cr_1,164,Hw,-1.8,8.6,LL,15.1,,Y,Y,2,1,1,N,-,Y,S,,,1,,1,
r155,y22,cr_1,164,Hw,2.3,8.7,LS,9.3,,Y,Y,0,0,0,N,-,N,S,,,,,1,forked with r156
r156,,cr_1,164,Hw,2.3,8.7,DS,6.1,,Y,-,-,-,-,-,-,-,-,,,,,-,forked with r155
r157,,cr_1,164,Hw,-1.9,9.3,DS,5.1,,Y,-,-,-,-,-,-,-,-,,,,,-,
r158,y17,cr_1,164,Hw,-1.5,9.8,LS,6.0,,N,-,-,-,-,-,-,-,S,,,,,1,
r159,y6,cr_1,164,Hw,2.4,8.5,LS,21.5,20.7,Y,Y,1,0,0,N,-,Y,C,,,,,1,
r160,,cr_1,164,Fd,1.4,11.5,DS,25.0,,N,-,-,-,-,-,-,-,-,,,,,-,
r161,y37,cr_1,164,Hw,-0.8,14.5,LS,14.3,,Y,N,0,1,0,N,-,N,I,,,,,1,
r162,y66,cr_1,164,Hw,-1.1,13.9,LS,18.8,15.6,Y,Y,0,0,0,N,-,N,C,,,,,1,
r163,,cr_1,164,Dr,-1.1,14.7,LS,26.0,,-,-,-,-,-,-,-,-,C,,,5,,2,
r164,,cr_1,164,Dr,-1.9,14.0,LS,9.8,,-,-,-,-,-,-,-,-,I,,,-,,1,
r165,,cr_1,164,Fd,0.6,17.2,LS,28.1,,N,-,-,-,-,-,-,-,C,,,7,,1,
r166,,cr_1,164,Hw,2.3,19.8,DS,8.0,,N,-,-,-,-,-,-,-,-,,,-,,-,
r167,,cr_1,164,Dr,1.6,21.1,LL,14.7,,-,-,-,-,-,-,-,-,C,,,-,,1,
r168,y35,cr_1,164,Hw,-0.5,21.5,LS,28.5,23.3,Y,Y,1,0,0,N,-,N,C,,,-,,1,Infection perimeter tree
r169,,cr_1,164,Fd,1.3,22.5,LS,16.3,,N,-,-,-,-,-,-,-,I,,,7,,2,
r170,,cr_1,164,Dr,0.7,23.5,DS,9.9,,-,-,-,-,-,-,-,-,-,,,-,,-,
r171,,cr_1,164,Hw,-1.2,24.3,LS,8.7,,N,-,-,-,-,-,-,-,S,,,4,,2,
r172,,cr_1,164,Mb,-0.9,26.6,LS,4.5,,-,-,-,-,-,-,-,-,S,,,,,1,
r173,,cr_1,164,Dr,0.9,26.7,LS,14.8,,-,-,-,-,-,-,-,-,C,,,,,1,
r174,,cr_1,164,Fd,-0.4,29.3,LS,27.5,,N,-,-,-,-,-,-,-,C,,,,,2,
r175,,cr_1,164,Dr,-0.6,28.0,LS,10.5,,-,-,-,-,-,-,-,-,I,,,,,1,"WATCH OUT, WASP NEST NEAR TREE; estimated dbh"
r176,,cr_1,164,Dr,1.1,30.6,SN,15.3,,-,-,-,-,-,-,-,-,-,,,,,-,
r177,,cr_1,164,Fd,1.5,31.7,DS,9.0,,N,-,-,-,-,-,-,-,-,,,,,-,
r178,,cr_1,164,Fd,1.1,33.9,LS,30.7,,N,-,-,-,-,-,-,-,C,,,,,1,
r179,w61,ph_1,258,Hw,-0.4,15.1,LS,21.8,20.6,N,-,-,-,-,-,-,-,C,,,7,,1,
r180,w29,ph_1,258,Hw,-0.5,15.7,LS,11.8,,N,-,-,-,-,-,-,-,I,,,-,,1,
r181,w122,ph_1,258,Hw,-1.0,15.4,LS,10.9,,N,-,-,-,-,-,-,-,I,,,-,,1,
r182,w16,ph_1,258,Hw,-1.6,16.1,LS,9.3,,N,-,-,-,-,-,-,-,I,,,-,,1,
r183,w15,ph_1,258,Hw,-1.7,15.9,LS,7.6,,N,-,-,-,-,-,-,-,I,,,2,,1,
r184,,ph_1,258,Hw,-1.9,16.3,LS,5.5,,N,-,-,-,-,-,-,-,S,,,,,1,
r185,w49,ph_1,258,Hw,-2.0,16.0,LS,8.8,,N,-,-,-,-,-,-,-,I,,,,,1,
r186,w21,ph_1,258,Hw,-1.2,17.5,LS,7.6,,N,-,-,-,-,-,-,-,S,,,,,1,clump r186-r188
r187,w9,ph_1,258,Hw,-1.2,17.5,LS,10.0,,N,-,-,-,-,-,-,-,I,,,,,1,clump r186-r188
r188,,ph_1,258,Hw,-1.2,17.5,LS,4.3,,N,-,-,-,-,-,-,-,S,,,,,2,clump r186-r188
r189,w23,ph_1,258,Hw,-2.1,17.8,LS,7.4,,N,-,-,-,-,-,-,-,S,,,,,1,
r190,w115,ph_1,258,Hw,-1.7,18.4,LS,13.9,,N,-,-,-,-,-,-,-,C,,,,,1,
r191,w32,ph_1,258,Hw,-2.2,18.1,LS,10.2,,N,-,-,-,-,-,-,-,S,,,1,,1,
r192,w13,ph_1,258,Hw,-2.4,18.1,LS,13.6,,N,-,-,-,-,-,-,-,I,,,,,1,forked with r193
r193,w119,ph_1,258,Hw,-2.4,18.1,LS,13.6,,N,-,-,-,-,-,-,-,I,,,,,1,forked with r192
r194,w52,ph_1,258,Hw,-1.3,17.6,LS,12.2,,N,-,-,-,-,-,-,-,I,,,,,1,
r195,w5,ph_1,258,Hw,-1.3,17.8,LS,7.0,,N,-,-,-,-,-,-,-,S,,,,,1,
r196,w121,ph_1,258,Hw,0.8,17.6,LS,12.5,,N,-,-,-,-,-,-,-,I,,,,,1,
r197,w34,ph_1,258,Hw,1.0,17.3,LS,11.8,,N,-,-,-,-,-,-,-,I,,,,,1,forked with r198
r198,w109,ph_1,258,Hw,1.0,17.3,LS,10.9,,N,-,-,-,-,-,-,-,I,,,1,,1,forked with r197
r199,,ph_1,258,Hw,1.1,17.5,LS,8.4,,N,-,-,-,-,-,-,-,S,,,7,,1,
r200,w101,ph_1,258,Hw,1.5,17.1,LS,19.9,,N,-,-,-,-,-,-,-,C,,,,,1,
r201,w66,ph_1,258,Hw,1.2,15.1,LS,10.6,,N,-,-,-,-,-,-,-,I,,,,,1,
r202,w26,ph_1,258,Hw,1.3,15.2,LS,15.0,,N,-,-,-,-,-,-,-,I,,,,,1,
r203,w4,ph_1,258,Hw,1.4,15.0,LS,9.1,,Y,Y,0,0,0,N,-,N,S,,,,,1,
r204,,ph_1,258,Hw,0.3,13.9,LS,5.2,,N,-,-,-,-,-,-,-,S,,,,,1,forked with r205
r205,,ph_1,258,Hw,0.3,13.9,LS,4.8,,N,-,-,-,-,-,-,-,S,,,,,1,forked with r204
r206,y103,ph_1,259,Hw,-1.2,0.1,LL,18.0,,N,-,-,-,-,-,-,-,I,,,,,1,"fallen, rerooted tree"
r207,y14,ph_1,259,Hw,-0.1,1.5,LS,11.7,,N,-,-,-,-,-,-,-,S,,,7,,1,
r208,y24,ph_1,259,Hw,-0.8,2.0,LS,16.0,,N,-,-,-,-,-,-,-,I,,,,,1,
r209,,ph_1,259,Hw,-0.9,1.8,DS,4.2,,N,-,-,-,-,-,-,-,-,,,,,2,
r210,,ph_1,259,Cw,0.8,3.5,DS,5.0,,-,-,-,-,-,-,-,-,-,,,,,3,
r211,w22,ph_1,258,Hw,2.0,2.4,LS,14.5,,N,-,-,-,-,-,-,-,I,,,,,1,
r212,,ph_1,258,Hw,2.0,2.4,LS,6.4,,N,-,-,-,-,-,-,-,S,,,,,1,
r213,w53,ph_1,258,Hw,-1.1,4.6,LS,13.8,,N,-,-,-,-,-,-,-,I,,,,,1,
r214,,ph_1,258,Hw,-1.4,4.2,DS,5.5,,N,-,-,-,-,-,-,-,-,,,,,2,
r215,w102,ph_1,258,Hw,-0.7,5.4,LS,14.4,,N,-,-,-,-,-,-,-,I,,,,,1,
r216,,ph_1,258,Hw,-1.0,5.4,LS,4.8,,N,-,-,-,-,-,-,-,S,,,,,1,
r217,,ph_1,258,Hw,-1.7,5.5,DS,4.5,,N,-,-,-,-,-,-,-,-,DRA,,,,2,
r218,,ph_1,258,Hw,-2.1,5.1,DS,4.1,,N,-,-,-,-,-,-,-,-,,,,,3,
r219,w111,ph_1,258,Hw,-0.8,5.8,LS,6.2,,N,-,-,-,-,-,-,-,S,,,,,2,
r220,,ph_1,258,Hw,-1.9,5.7,DS,4.4,,N,-,-,-,-,-,-,-,-,,,,,3,Forked with r221
r221,w70,ph_1,258,Hw,-1.9,5.7,LS,6.7,,N,-,-,-,-,-,-,-,S,,,,,1,Forked with r220
r222,w104,ph_1,258,Hw,-2.3,5.8,LS,20.8,17.9,N,-,-,-,-,-,-,-,C,,,,,1,Forked with r223
r223,w100,ph_1,258,Hw,-2.3,5.8,LS,9.5,,N,-,-,-,-,-,-,-,I,,,,,1,Forked with r222
r224,,ph_1,258,Hw,-1.0,7.0,SN,16.5,,N,-,-,-,-,-,-,-,-,,,,,5,
r225,,ph_1,258,Hw,-2.0,9.3,LS,6.3,,N,-,-,-,-,-,-,-,S,,,7,,1,
r226,w56,ph_1,258,Hw,-2.0,9.5,LS,20.6,18.6,N,-,-,-,-,-,-,-,C,,,,,1,
r227,,ph_1,258,Hw,-2.5,9.4,DS,6.4,,N,-,-,-,-,-,-,-,-,,,,,2,
r228,,ph_1,258,Hw,-2.0,10.1,DS,4.3,,N,-,-,-,-,-,-,-,-,DRA,DS,,,2,
r229,w103,ph_1,258,Hw,0.9,9.2,LS,35.6,22.5,N,-,-,-,-,-,-,-,D,IB,,,,1,Forked with r230
r230,,ph_1,258,Hw,0.9,9.2,LS,7.1,,N,-,-,-,-,-,-,-,S,,,,,1,Forked with r229
r231,w108,ph_1,258,Hw,-1.9,11.5,LS,9.5,,N,-,-,-,-,-,-,-,I,,,1,2,1,
r232,w11,ph_1,258,Hw,-1.9,11.5,LS,20.9,,N,-,-,-,-,-,-,-,C,,,1,,1,
r233,,ph_1,258,Hw,-0.6,13.3,LS,5.4,,N,-,-,-,-,-,-,-,S,,,,,2,
r234,w35,ph_1,258,Hw,0.0,13.6,LS,19.6,,N,-,-,-,-,-,-,-,C,,,,,1,
r235,w46,ph_1,258,Hw,-2.2,13.1,LS,14.5,,N,-,-,-,-,-,-,-,I,,,,,1,
r236,w71,ph_1,258,Hw,-2.5,13.2,LS,12.5,,N,-,-,-,-,-,-,-,I,,,,,1,Forked with r237
r237,w120,ph_1,258,Hw,-2.5,13.2,LS,7.3,,N,-,-,-,-,-,-,-,S,,,1,,1,Forked wtih r236
r238,w76,ph_1,258,Hw,-0.8,13.8,LS,15.3,,N,-,-,-,-,-,-,-,I,,,,,1,
r239,,ph_1,258,Hw,-1.2,14.1,DS,6.4,,N,-,-,-,-,-,-,-,-,,,,,3,
r240,w24,ph_1,258,Hw,-1.0,14.6,LS,8.4,,N,-,-,-,-,-,-,-,S,,,,,1,
r241,w112,ph_1,258,Hw,-1.2,14.5,LS,10.3,,N,-,-,-,-,-,-,-,I,,,1,,1,Forked with r242
r242,w107,ph_1,258,Hw,-1.2,14.5,DS,8.0,,N,-,-,-,-,-,-,-,S,,,,,2,Forked wtih r241
r243,y69,ph_1,259,Hw,2.3,2.2,LS,13.3,,N,-,-,-,-,-,-,-,I,,,,,1,
r244,y117,ph_1,259,Hw,2.3,2.2,LS,10.2,,N,-,-,-,-,-,-,-,I,,,,,1,
r245,,ph_1,259,Cw,0.4,4.9,LS,10.0,,-,-,-,-,-,-,-,-,S,,,,,1,
r246,,ph_1,259,Cw,-0.9,3.9,LS,21.3,,-,-,-,-,-,-,-,-,I,,,1,,1,
r247,,ph_1,259,Hw,1.9,5.1,LS,4.2,,N,-,-,-,-,-,-,-,S,,,,,2,
r248,y125,ph_1,259,Hw,1.7,5.5,LS,13.0,,N,-,-,-,-,-,-,-,I,,,,,1,
r249,y115,ph_1,259,Hw,1.2,5.8,LS,12.7,,N,-,-,-,-,-,-,-,I,,,,,1,
r250,y17,ph_1,259,Hw,0.9,5.7,LS,12.4,,N,-,-,-,-,-,-,-,I,,,,,1,
r251,,ph_1,259,Hw,2.2,5.6,DS,4.0,,N,-,-,-,-,-,-,-,-,,,,,2,
r252,,ph_1,259,Hw,2.3,5.7,DS,4.1,,N,-,-,-,-,-,-,-,-,,,,,2,
r253,,ph_1,259,Hw,1.6,6.2,LS,6.6,,N,-,-,-,-,-,-,-,S,,,,,1,
r254,,ph_1,259,Hw,1.7,6.3,LS,7.9,,N,-,-,-,-,-,-,-,S,,,,,1,
r255,,ph_1,259,Cw,2.5,6.5,LS,17.4,,-,-,-,-,-,-,-,-,I,,,,,1,
r256,,ph_1,259,Cw,-1.2,6.7,LS,12.0,,-,-,-,-,-,-,-,-,I,,,,,1,
r257,,ph_1,259,Cw,1.1,11.2,LS,9.5,,-,-,-,-,-,-,-,-,I,,,,,1,
r258,,ph_1,259,Cw,-1.3,12.7,LS,17.8,,-,-,-,-,-,-,-,-,I,,,,,1,
r259,,ph_1,259,Cw,-0.2,13.3,LS,25.8,,-,-,-,-,-,-,-,-,C,,,,,1,
r260,y33,ph_1,259,Hw,1.6,13.6,LS,9.0,,N,-,-,-,-,-,-,-,S,,,,,1,
r261,y56,ph_1,259,Hw,2.3,13.3,LS,26.3,18.1,N,-,-,-,-,-,-,-,C,,,,,1,
r262,y64,ph_1,259,Hw,1.5,14.8,LS,22.2,17.2,N,-,-,-,-,-,-,-,C,,,,,1,
r263,,ph_1,259,Cw,-0.6,15.7,LS,16.5,,-,-,-,-,-,-,-,-,I,,,,,1,
r264,y1,ph_1,259,Hw,-0.7,15.7,LS,11.2,,N,-,-,-,-,-,-,-,I,,,,,1,
r265,y41,ph_1,259,Hw,-1.5,15.2,LS,9.8,,N,-,-,-,-,-,-,-,S,,,,,1,
r266,,ph_1,259,Cw,1.5,16.9,LS,5.3,,-,-,-,-,-,-,-,-,S,,,1,,1,
r267,,ph_1,266,Cw,-0.9,1.3,LS,8.3,,-,-,-,-,-,-,-,-,S,,,,,1,
r268,,ph_1,266,Hw,2.5,0.8,LS,4.9,,N,-,-,-,-,-,-,-,S,,,,,1,
r269,,ph_1,266,Cw,0.3,4.1,LS,4.9,,-,-,-,-,-,-,-,-,S,,,,,1,
r270,,ph_1,266,Cw,0.7,4.6,LS,11.1,,-,-,-,-,-,-,-,-,I,,,,,1,
r271,w60,ph_1,266,Hw,-0.7,5.6,LS,17.5,,N,-,-,-,-,-,-,-,I,,,,,1,
r272,w64,ph_1,266,Hw,-1.1,5.3,LS,10.9,,N,-,-,-,-,-,-,-,I,,,,,1,
r273,w117,ph_1,266,Hw,0.2,6.7,LS,24.1,18.3,N,-,-,-,-,-,-,-,C,,,,,1,
r274,w37,ph_1,266,Hw,-0.1,9.0,LS,15.2,,N,-,-,-,-,-,-,-,I,,,,,1,
r275,,ph_1,266,Cw,-0.6,9.6,LS,13.4,,-,-,-,-,-,-,-,-,I,,,,,1,
r276,w18,ph_1,266,Hw,1.1,9.9,LS,11.1,,N,-,-,-,-,-,-,-,I,,,,,1,
r277,w8,ph_1,266,Hw,2.1,11.0,LS,20.7,18.2,N,-,-,-,-,-,-,-,C,,,,,1,
r278,w59,ph_1,266,Hw,2.1,11.3,LS,17.9,,N,-,-,-,-,-,-,-,I,,,,,1,
r279,w55,ph_1,266,Hw,1.1,13.3,LS,29.9,21.5,N,-,-,-,-,-,-,-,C,,,,,1,
r280,w43,ph_1,266,Hw,-0.5,13.3,LS,10.5,,N,-,-,-,-,-,-,-,I,,,,,1,
r281,w31,ph_1,266,Hw,-0.1,13.5,LS,7.6,,N,-,-,-,-,-,-,-,S,,,,,1,
r282,w74,ph_1,266,Hw,1.2,14.5,LS,12.6,,N,-,-,-,-,-,-,-,I,,,,,1,
r283,w72,ph_1,266,Hw,0.3,15.0,LS,23.9,18.7,N,-,-,-,-,-,-,-,C,,,,,1,Forked with r284
r284,,ph_1,266,Hw,0.3,15.0,DS,8.9,,N,-,-,-,-,-,-,-,-,,,,,2,Forked with r283
r285,,ph_1,266,Hw,-0.4,15.0,DS,8.3,,N,-,-,-,-,-,-,-,-,,,,,2,
r286,w30,ph_1,266,Hw,-1.9,14.6,LS,17.2,,N,-,-,-,-,-,-,-,I,,,,,1,
r287,,ph_1,266,Cw,-1.6,15.5,DS,7.4,,-,-,-,-,-,-,-,-,-,,,,,2,
r288,w75,ph_1,266,Hw,-0.2,16.0,LS,10.9,,N,-,-,-,-,-,-,-,I,,,,,1,
r289,,ph_1,266,Cw,-1.5,17.6,LS,15.2,,-,-,-,-,-,-,-,-,I,,,,,1,
r290,,cr_2,219,Hw,-1.7,0.7,LS,4.7,,N,-,-,-,-,-,-,-,S,,,,,1,
r291,,cr_2,219,Hw,-0.9,1.4,LS,5.0,,Y,Y,0,0,0,N,-,N,S,DS,,,,1,
r292,,cr_2,219,Hw,2.0,1.6,SN,7.2,,N,-,-,-,-,-,-,-,S,,,,,2,
r293,y46,cr_2,219,Hw,-2.5,3.9,LS,17.1,,Y,Y,1,0,1,N,-,N,I,IB,AX,,,1,
r294,,cr_2,219,Hw,-2.5,4.0,LS,4.0,,N,-,-,-,-,-,-,-,S,,,,,1,
r295,y30,cr_2,219,Hw,-1.0,7.2,LS,28.7,25.0,Y,Y,0,1,0,N,-,N,C,,,,,1,
r296,y32,cr_2,219,Hw,-2.4,10.2,LS,26.6,21.9,N,-,-,-,-,-,-,-,C,IB,,7,,1,
r297,,cr_2,219,Dr,-0.9,10.8,SN,6.8,,-,-,-,-,-,-,-,-,I,,,-,,4,
r298,,cr_2,219,Hw,0.9,12.9,LL,4.4,,Y,Y,0,1,1,N,-,N,S,,,-,,2,
r299,y59,cr_2,219,Hw,-1.2,15.5,LL,16.6,,Y,Y,0,0,0,N,-,N,S,,,7,1,1,Infection perimeter tree
r300,,cr_2,219,Fd,2.2,15.7,LS,30.5,,N,-,-,-,-,-,-,-,C,,,,,1,
r301,,cr_2,219,Fd,2.3,21.6,LS,29.5,,N,-,-,-,-,-,-,-,C,,,,,1,
r302,y42,cr_2,219,Hw,1.3,26.1,LS,23.8,26.9,N,-,-,-,-,-,-,-,C,,,,,1,
r303,,cr_2,219,Fd,-1.9,26.8,LS,22.9,,N,-,-,-,-,-,-,-,C,,,,,1,
r304,,cr_2,221,Hw,0.1,1.8,DS,5.1,,Y,-,-,-,-,-,-,-,-,,,,,2,
r305,y17,cr_2,221,Hw,-1.4,5.2,LS,22.8,,Y,Y,2,1,0,Y,1,N,I,,,,,1,
r306,y62,cr_2,221,Hw,-2.3,7.0,LS,29.5,26.6,Y,Y,2,1,1,Y,1,N,C,IB,,,,1,
r307,y128,cr_2,221,Hw,0.6,8.7,LL,21.5,,Y,Y,2,2,1,Y,3,Y,S,,,2,6,1,
r308,,cr_2,221,Hw,-1.7,13.8,DS,4.6,,Y,-,-,-,-,-,-,-,-,,,,,2,
r309,y4000,cr_2,221,Hw,2.2,15.3,LS,35.4,27.1,Y,N,1,0,0,Y,1,N,D,,,,,1,
r310,,cr_2,221,Fd,-0.3,19.2,LS,31.3,,N,-,-,-,-,-,-,-,C,,,,,1,
r311,,cr_2,221,Hw,0.9,21.7,LL,4.2,,N,-,-,-,-,-,-,-,S,,,,,1,
r312,y4,cr_2,221,Hw,-2.5,17.5,LS,36.7,26.7,Y,Y,1,1,0,N,-,-,D,IB,,,,1,Infection perimeter tree
r313,,cr_2,222,Hw,-2.4,1.3,LS,5.9,,Y,N,1,0,0,N,-,N,S,,,,,1,
r314,y102,cr_2,222,Hw,0.6,2.4,LS,13.9,,Y,Y,1,1,0,N,-,N,I,IB,,,,1,
r315,,cr_2,222,Hw,-0.1,4.5,LS,5.3,,Y,N,0,0,1,N,-,N,S,,,2,,1,
r316,,cr_2,222,Hw,1.8,4.5,LS,4.2,,N,-,-,-,-,-,-,-,S,,,,,1,
r317,,cr_2,222,Hw,1.8,4.6,LS,5.1,,N,-,-,-,-,-,-,-,S,DS,,,,1,
r318,,cr_2,222,Hw,0.6,4.8,LS,4.8,,Y,Y,1,0,0,N,-,Y,S,,,,,1,
r319,,cr_2,222,Hw,-2.3,5.1,DS,4.7,,Y,-,-,-,-,-,-,-,-,,,,,2,
r320,,cr_2,222,Hw,-1.7,5.4,DS,4.6,,Y,-,-,-,-,-,-,-,-,,,,,2,
r321,y122,cr_2,222,Hw,1.0,5.9,LS,7.3,,N,-,-,-,-,-,-,-,S,,,,,1,
r322,,cr_2,222,Hw,1.8,6.9,DS,5.9,,Y,-,-,-,-,-,-,-,-,,,,,3,
r323,,cr_2,222,Hw,2.1,7.4,DS,5.1,,Y,-,-,-,-,-,-,-,-,,,,,3,
r324,y12,cr_2,222,Hw,-0.8,6.9,LS,17.8,,Y,Y,1,1,0,N,-,N,I,,,,,1,
r325,y34,cr_2,222,Hw,1.3,9.8,LS,30.2,23.8,Y,Y,1,1,0,Y,1,N,C,,,,,1,
r326,,cr_2,222,Hw,0.9,12.7,SN,23.6,,-,-,-,-,-,-,-,-,-,IB,,,,5,
r327,y112,cr_2,222,Hw,1.4,15.7,LS,23.9,24.9,Y,N,1,0,0,N,-,N,C,,,,,1,
r328,y18,cr_2,222,Hw,-0.7,23.5,LS,33.8,29.7,N,-,-,-,-,-,-,-,D,IB,DS,,,1,stem pustules
r329,y50,mk_2,103,Hw,2.4,0.4,LS,6.1,,Y,Y,1,0,0,N,-,-,S,,,,,2,
r330,y120,mk_2,103,Hw,-0.3,1.0,LS,16.9,,Y,Y,1,1,1,N,-,Y,C,,,,,1,
r331,y119,mk_2,103,Hw,-1.5,0.7,DS,6.8,,Y,-,-,-,-,-,-,-,-,U,,,,-,
r332,y107,mk_2,103,Hw,-2.3,3.3,LS,17.4,,Y,Y,1,1,1,Y,8,Y,C,,,,,1,
r333,y40,mk_2,103,Hw,1.5,2.9,DS,5.0,,Y,-,-,-,-,-,-,-,-,U,,1,,-,
r334,y61,mk_2,103,Hw,1.5,5.0,LS,16.2,,Y,Y,2,2,1,Y,1,Y,C,,,2,,1,
r335,y126,mk_2,103,Hw,-0.7,4.3,DS,5.2,,N,-,-,-,-,-,-,-,-,U,,-,,-,
r336,y22,mk_2,103,Hw,-0.5,5.1,DS,5.8,,Y,-,-,-,-,-,-,-,-,U,,-,,-,
r337,y18,mk_2,103,Cw,-2.3,5.0,LS,14.8,,N,-,-,-,-,-,-,-,C,,,1,,1,
r338,y65,mk_2,103,Cw,-0.7,8.3,LL,11.1,,N,-,-,-,-,-,-,-,S,,,,,1,
r339,y3,mk_2,103,Cw,-1.6,9.7,DS,6.0,,N,-,-,-,-,-,-,-,-,U,,,,-,
r340,y7,mk_2,103,Hw,-0.3,10.7,SN,12.4,,N,-,-,-,-,-,-,-,-,,,,,-,Forked with r341
r341,y103,mk_2,103,Hw,-0.4,10.7,SN,13.7,,Y,-,-,-,-,-,-,-,-,,,,,-,forked with r340
r342,y30,mk_2,103,Hw,1.7,7.8,SN,4.8,,N,-,-,-,-,-,-,-,-,,,,,-,
r343,y12,mk_2,103,Hw,1.6,8.3,SN,13.8,,Y,-,-,-,-,-,-,-,-,,,,,-,
r344,y67,mk_2,103,Hw,2.0,9.1,SN,8.1,,Y,-,-,-,-,-,-,-,-,,,,,-,
r345,y47,mk_2,103,Hw,2.1,10.0,LS,16.8,,Y,Y,2,1,0,Y,1,Y,C,,,,,1,
r346,y111,mk_2,103,Hw,1.1,10.6,SN,7.7,,Y,-,-,-,-,-,-,-,-,,,,,-,
r347,y63,mk_2,103,Hw,-2.5,10.5,SN,7.7,,Y,-,-,-,-,-,-,-,-,,,,,-,
r348,y8,mk_2,103,Hw,-2.3,11.6,DS,9.2,,Y,-,-,-,-,-,-,-,-,U,,,,-,
r349,y13,mk_2,103,Hw,-1.4,12.4,LS,11.4,,Y,Y,1,1,0,N,-,N,I,,,,,1,
r350,y10,mk_2,103,Hw,-2.4,13.8,SN,9.6,,N,-,-,-,-,-,-,-,-,,,,,-,
r351,y117,mk_2,103,Hw,-2.5,14.4,DS,8.5,,Y,-,-,-,-,-,-,-,-,,,,,-,
r352,y17,mk_2,103,Hw,-2.5,14.5,DS,6.8,,N,-,-,-,-,-,-,-,-,,,,,-,
r353,y4000,mk_2,103,Hw,0.1,14.0,DS,15.3,,Y,-,-,-,-,-,-,-,-,,,5,,-,
r354,y57,mk_2,103,Hw,0.1,14.7,LS,24.6,,Y,Y,2,1,0,Y,2,Y,D,,,,,1,
r355,y121,mk_2,103,Hw,-0.4,20.6,LS,42.4,,Y,Y,1,1,0,N,-,-,D,,,,,1,Residual #1 at this site
r356,y4001,mk_2,103,Fd,2.2,23.5,DS,21.9,,N,-,-,-,-,-,-,-,-,DR,,,,-,
r357,y4002,mk_2,103,Fd,1.8,23.8,SN,14.6,,N,-,-,-,-,-,-,-,-,DR,,,,-,
r358,y14,mk_2,103,Hw,-1.0,25.5,LS,17.3,,Y,N,1,0,0,N,-,N,C,,,,,1,
r359,y11,mk_2,103,Hw,-0.6,25.7,LS,11.3,,N,-,-,-,-,-,-,-,I,,,,1,1,
r360,y123,mk_2,103,Hw,-1.6,27.3,LS,15.5,,Y,N,1,0,0,Y,1,N,C,,,,,1,
r361,y116,mk_2,103,Hw,-1.4,29.1,LS,22.1,,N,-,-,-,-,-,-,-,C,,,2,,1,
r362,y2,mk_2,103,Hw,1.2,27.3,LS,37.6,,Y,Y,0,0,0,N,-,N,D,,,,,1,
r363,y4005,mk_2,103,Hw,-2.2,30.7,DS,12.4,,N,-,-,-,-,-,-,-,-,U,,,,-,
r364,y4006,mk_2,103,Hw,-2.4,30.8,DS,10.5,,N,-,-,-,-,-,-,-,-,U,,,,-,
r365,y4007,mk_2,103,Hw,-2.3,31.9,SN,6.6,,N,-,-,-,-,-,-,-,-,,,,,-,
r366,y4008,mk_2,103,Hw,-2.3,31.9,SN,7.4,,N,-,-,-,-,-,-,-,-,,,,,-,
r367,w200,mk_2,109,Hw,2.1,0.5,SN,6.6,,N,-,-,-,-,-,-,-,-,,,,,-,
r368,w6,mk_2,109,Hw,2.1,0.1,LS,6.5,,Y,Y,1,0,0,N,-,N,S,,,4,,2,
r369,w124,mk_2,109,Hw,2.1,1.3,LS,6.1,,N,-,-,-,-,-,-,-,S,,,1,4,2,
r370,w201,mk_2,109,Hw,0.4,2.2,SN,4.5,,N,-,-,-,-,-,-,-,-,,,,,-,
r371,w71,mk_2,109,Hw,0.2,4.3,LS,12.1,,Y,N,1,0,0,N,-,N,I,,,,,1,
r372,w202,mk_2,109,Hw,-0.8,4.6,SN,11.3,,N,-,-,-,-,-,-,-,-,,,,,-,
r373,w123,mk_2,109,Hw,-1.4,4.8,LS,13.3,,N,-,-,-,-,-,-,-,I,,,,,1,
r374,w203,mk_2,109,Hw,2.5,5.6,SN,7.5,,N,-,-,-,-,-,-,-,-,,,,,-,
r375,w57,mk_2,109,Hw,1.0,6.7,LS,15.0,,Y,N,1,0,0,N,-,N,I,,,,,1,
r376,w56,mk_2,109,Hw,1.5,9.7,LS,27.3,26.0,Y,N,0,1,0,N,-,N,C,IB,AX,7,,1,
r377,w204,mk_2,109,Hw,-1.6,11.3,SN,11.5,,N,-,-,-,-,-,-,-,-,,,,,-,
r378,w205,mk_2,109,Hw,2.3,12.5,SN,6.9,,N,-,-,-,-,-,-,-,-,,,,,-,
r379,w206,mk_2,109,Hw,2.3,12.5,SN,13.0,,N,-,-,-,-,-,-,-,-,,,,,-,
r380,w12,mk_2,109,Hw,0.5,13.5,SN,15.1,,N,-,-,-,-,-,-,-,-,,,,,-,
r381,w207,mk_2,109,Hw,1.9,14.3,SN,7.3,,N,-,-,-,-,-,-,-,-,,,,,-,
r382,w54,mk_2,109,Hw,1.7,14.9,LS,16.5,,Y,N,1,0,0,N,-,N,C,,,,,1,
r383,w120,mk_2,109,Hw,0.2,17.6,LS,24.8,25.4,N,-,-,-,-,-,-,-,C,,,,,1,forked with r384
r384,w121,mk_2,109,Hw,0.3,17.6,LS,15.1,,N,-,-,-,-,-,-,-,S,,,,,1,forked with r383
r385,w208,mk_2,109,Hw,-0.7,20.1,SN,9.2,,N,-,-,-,-,-,-,-,-,,,,,-,
r386,w111,mk_2,109,Hw,0.3,20.8,LS,28.3,,N,-,-,-,-,-,-,-,C,,,,,1,
r387,w209,mk_2,109,Hw,0.7,20.7,DS,8.1,,N,-,-,-,-,-,-,-,-,,,,,-,
r388,w210,mk_2,109,Hw,0.3,20.5,SN,4.8,,N,-,-,-,-,-,-,-,-,,,,,-,
r389,w211,mk_2,109,Hw,0.9,21.0,SN,6.3,,N,-,-,-,-,-,-,-,-,,,,,-,
r390,w116,mk_2,109,Hw,-1.6,22.9,LS,28.3,,N,-,-,-,-,-,-,-,C,,,,,1,
r391,w103,mk_2,109,Hw,-0.9,23.9,LS,9.3,,N,-,-,-,-,-,-,-,S,,,2,,1,
r392,w212,mk_2,109,Hw,-0.8,24.1,SN,4.1,,N,-,-,-,-,-,-,-,-,,,,,-,
r393,w213,mk_2,109,Hw,0.2,25.6,SN,9.8,,N,-,-,-,-,-,-,-,-,,,,,-,
r394,w214,mk_2,109,Hw,-1.1,27.0,SN,8.0,,N,-,-,-,-,-,-,-,-,,,,,-,
r395,w215,mk_2,109,Hw,-1.2,26.9,DS,6.1,,N,-,-,-,-,-,-,-,-,,,,,-,
r396,w216,mk_2,109,Hw,-1.3,26.9,SN,7.5,,N,-,-,-,-,-,-,-,-,,,,,-,
r397,w52,mk_2,109,Hw,0.6,28.4,LS,21.2,,Y,Y,0,0,0,N,-,N,C,,,,,1,
r398,w217,mk_2,109,Hw,0.5,28.5,SN,7.5,,N,-,-,-,-,-,-,-,-,,,,,-,
r399,w74,mk_2,109,Hw,2.2,29.0,LS,23.2,24.8,N,-,-,-,-,-,-,-,C,,,,,1,
r400,w39,mk_2,109,Hw,0.5,29.6,LS,8.5,,N,-,-,-,-,-,-,-,S,,,,,1,
r401,w15,mk_2,109,Hw,-1.0,30.4,LS,11.7,,N,-,-,-,-,-,-,-,I,,,,,1,
r402,w218,mk_2,109,Hw,1.2,30.5,SN,9.0,,N,-,-,-,-,-,-,-,-,,,,,-,
r403,w100,mk_2,109,Hw,2.4,31.7,LS,26.4,,N,-,-,-,-,-,-,-,C,,,,,1,
r404,w50,mk_2,109,Hw,2.1,32.0,LS,9.0,,N,-,-,-,-,-,-,-,S,,,2,,1,
r405,w219,mk_2,109,Hw,0.5,33.3,SN,15.2,,N,-,-,-,-,-,-,-,-,,,-,,-,
r406,w105,mk_2,110,Hw,-0.2,1.3,LS,10.8,,Y,N,1,0,1,N,-,N,S,,,5,,1,
r407,w17,mk_2,110,Hw,1.5,1.9,LS,20.0,,Y,Y,2,1,0,Y,1,Y,I,,,,,1,
r408,w220,mk_2,110,Hw,-0.5,2.7,DS,5.2,,Y,-,-,-,-,-,-,-,-,,,,,-,
r409,w221,mk_2,110,Hw,-1.3,3.2,DS,4.0,,Y,-,-,-,-,-,-,-,-,,,,,-,
r410,w222,mk_2,110,Hw,-1.3,3.2,SN,5.2,,N,-,-,-,-,-,-,-,-,,,,,-,
r411,w55,mk_2,110,Hw,2.0,8.9,LS,22.5,,Y,Y,1,0,0,Y,1,N,C,,,,,1,
r412,w30,mk_2,110,Hw,2.0,8.9,LS,7.2,,N,-,-,-,-,-,-,-,S,,,,,2,
r413,w223,mk_2,110,Cw,0.5,9.1,LS,5.6,,-,-,-,-,-,-,-,-,S,DS,,,,2,friuting body
r414,w14,mk_2,110,Hw,2.3,9.7,LS,7.9,,N,-,-,-,-,-,-,-,S,,,,,1,
r415,w9,mk_2,110,Hw,2.2,9.9,LS,11.0,,N,-,-,-,-,-,-,-,I,,,,,1,
r416,w65,mk_2,110,Hw,-1.6,12.4,LS,26.0,20.5,N,-,-,-,-,-,-,-,C,,,,,1,
r417,w122,mk_2,110,Hw,-1.5,11.9,LS,10.5,,Y,N,1,0,0,N,-,N,I,,,4,,1,
r418,w224,mk_2,110,Hw,-1.1,11.8,DS,8.4,,N,-,-,-,-,-,-,-,-,,,,,-,
r419,w225,mk_2,110,Hw,-0.9,12.5,DS,7.5,,Y,-,-,-,-,-,-,-,-,,,,,-,
r420,w28,mk_2,110,Hw,0.8,15.2,LS,14.4,,Y,N,1,0,0,N,-,N,I,,,,,1,
r421,w11,mk_2,110,Hw,1.6,15.3,LS,13.0,,N,-,-,-,-,-,-,-,I,,,,,1,
r422,w226,mk_2,110,Hw,0.6,16.9,SN,6.4,,N,-,-,-,-,-,-,-,-,,,,,-,
r423,w108,mk_2,110,Hw,-0.4,17.5,LS,21.7,22.5,N,-,-,-,-,-,-,-,C,,,,,1,
r424,w31,mk_2,110,Hw,2.2,17.9,LS,14.0,,N,-,-,-,-,-,-,-,I,,,,,1,
r425,w227,mk_2,110,Hw,0.5,20.1,DS,6.7,,N,-,-,-,-,-,-,-,-,,,,,-,
r426,w7,mk_2,110,Hw,1.0,20.2,LS,12.7,,N,-,-,-,-,-,-,-,I,,,,,1,
r427,w2,mk_2,110,Hw,-1.0,19.7,LS,13.2,,N,-,-,-,-,-,-,-,I,DS,,,,1,
r428,w228,mk_2,110,Hw,-1.6,19.6,SN,7.9,,N,-,-,-,-,-,-,-,-,,,,,-,
r429,w102,mk_2,110,Hw,-1.8,19.6,LS,13.7,,N,-,-,-,-,-,-,-,I,,,7,,1,
r430,w24,mk_2,110,Hw,-1.9,19.4,LS,13.4,,N,-,-,-,-,-,-,-,I,,,,,1,
r431,w22,mk_2,110,Hw,-2.2,19.0,LS,13.9,,N,-,-,-,-,-,-,-,I,,,,,1,
r432,w229,mk_2,110,Hw,-2.0,19.6,DS,5.9,,N,-,-,-,-,-,-,-,-,,,,,-,
r433,w230,mk_2,110,Hw,-2.4,20.0,SN,8.3,,N,-,-,-,-,-,-,-,-,,,,,-,
r434,w29,mk_2,110,Hw,-1.9,22.4,LL,11.6,,N,-,-,-,-,-,-,-,I,,,,,1,
r435,w231,mk_2,110,Hw,0.5,21.3,SN,6.2,,N,-,-,-,-,-,-,-,-,,,,,-,
r436,w232,mk_2,110,Hw,2.3,20.8,SN,8.3,,N,-,-,-,-,-,-,-,-,,,,,-,forked with r436
r437,w233,mk_2,110,Hw,2.3,20.8,SN,11.5,,N,-,-,-,-,-,-,-,-,,,,,-,forked with r435
r438,w234,mk_2,110,Hw,-0.9,23.0,SN,4.1,,N,-,-,-,-,-,-,-,-,,,,,-,
r439,w69,mk_2,110,Hw,1.7,24.3,LS,20.5,23.5,N,-,-,-,-,-,-,-,C,,,,,1,
r440,w235,mk_2,110,Hw,1.3,24.3,DS,4.6,,N,-,-,-,-,-,-,-,-,,,,,-,
r441,w236,mk_2,110,Hw,1.5,24.9,DS,5.9,,N,-,-,-,-,-,-,-,-,,,,,-,
r442,w49,mk_2,110,Hw,-0.6,25.4,LS,22.0,23.2,N,-,-,-,-,-,-,-,C,,,,,1,
r443,w75,mk_2,110,Hw,2.0,28.1,LL,11.3,,N,-,-,-,-,-,-,-,I,,,,,2,
r444,w237,mk_2,110,Hw,1.1,28.2,SN,10.0,,N,-,-,-,-,-,-,-,-,,,,,-,
r445,w238,mk_2,110,Hw,1.4,28.5,SN,8.2,,N,-,-,-,-,-,-,-,-,,,,,-,
r446,w239,mk_2,110,Hw,2.0,29.2,SN,14.0,,N,-,-,-,-,-,-,-,-,,,,,-,
r447,w70,mk_2,110,Hw,0.0,29.0,LS,7.5,,N,-,-,-,-,-,-,-,S,,,,,2,
r448,w240,mk_2,110,Hw,0.1,29.2,DS,6.9,,N,-,-,-,-,-,-,-,-,,,,,-,
r449,w241,mk_2,110,Hw,0.6,29.7,DS,6.8,,N,-,-,-,-,-,-,-,-,,,,,-,
r450,w58,mk_2,110,Hw,1.2,30.5,LS,20.8,,N,-,-,-,-,-,-,-,C,,,,,1,
r451,w242,mk_2,110,Hw,0.7,31.7,SN,7.3,,N,-,-,-,-,-,-,-,-,,,,,-,
r452,w42,mk_2,110,Hw,-1.4,31.7,LS,22.4,,N,-,-,-,-,-,-,-,C,,,,,1,forked with r453
r453,w72,mk_2,110,Hw,-1.4,31.7,LS,9.1,,Y,N,0,0,1,N,-,N,S,,,,,1,forked with r452
r454,w46,mk_2,110,Hw,-2.0,33.8,LS,20.9,,N,-,-,-,-,-,-,-,C,,,,,1,
r455,w26,mk_2,110,Hw,-2.1,33.6,LS,4.4,,Y,N,0,0,1,N,-,N,S,,,,,2,
r456,y200,mk_3,115,Hw,2.1,0.2,LS,4.3,,Y,Y,0,1,1,N,-,N,S,,,,,1,
r457,y111,mk_3,115,Hw,1.6,2.9,LS,8.1,,N,-,-,-,-,-,-,-,S,,,1,,1,
r458,y201,mk_3,115,Hw,-1.0,0.3,LL,9.0,,Y,Y,0,0,0,N,-,Y,S,,,1,,1,"Sweeping stem, look low for DBH;"
r459,y69,mk_3,115,Hw,-1.7,4.3,LS,24.0,,Y,N,1,0,1,N,-,N,D,,,,,1,Residual
r460,y17,mk_3,115,Hw,-1.0,4.7,LS,7.5,,N,-,-,-,-,-,-,-,S,,,,,1,
r461,y202,mk_3,115,Dr,1.1,7.3,LS,19.3,,-,-,-,-,-,-,-,-,D,,,,,1,
r462,y203,mk_3,115,Mv,-2.4,9.2,LL,6.7,,-,-,-,-,-,-,-,-,I,,,,,1,
r463,y204,mk_3,115,Mv,-1.1,10.0,LS,5.0,,-,-,-,-,-,-,-,-,I,,,,,1,
r464,y205,mk_3,115,Mv,-1.6,10.1,LS,5.5,,-,-,-,-,-,-,-,-,I,,,,,1,
r465,y206,mk_3,115,Mv,1.1,13.2,LS,6.0,,-,-,-,-,-,-,-,-,I,,,,,1,
r466,y207,mk_3,115,Mv,1.1,16.1,LL,4.2,,-,-,-,-,-,-,-,-,I,,,,,2,
r467,y208,mk_3,115,Mv,-1.9,17.6,LS,4.2,,-,-,-,-,-,-,-,-,I,,,,,1,
r468,y209,mk_3,115,Mv,0.4,18.3,LS,4.7,,-,-,-,-,-,-,-,-,I,,,,,1,
r469,y124,mk_3,115,Hw,-1.0,20.0,LS,13.9,13.6,N,-,-,-,-,-,-,-,C,,,,,1,
r470,y210,mk_3,115,Hw,-2.4,20.1,LS,5.2,,N,-,-,-,-,-,-,-,S,,,,,1,
r471,y1,mk_3,115,Hw,2.2,20.8,LS,6.6,,N,-,-,-,-,-,-,-,I,,,,,1,
r472,y211,mk_3,115,Hw,1.1,21.7,LS,5.6,,N,-,-,-,-,-,-,-,S,DS,,1,,1,
r473,y212,mk_3,115,Cw,-0.4,22.3,LS,18.9,,-,-,-,-,-,-,-,-,C,,,,,1,
r474,y213,mk_3,120,Hw,0.8,1.6,DS,4.3,,Y,-,-,-,-,-,-,-,S,,,,,1,
r475,y214,mk_3,120,Hw,0.2,1.9,LS,5.7,,Y,N,0,1,0,N,-,Y,S,,,,,1,
r476,y215,mk_3,120,Hw,-1.5,1.7,LS,6.9,,Y,N,1,0,0,N,-,N,S,,,,,1,
r477,y216,mk_3,120,Hw,-1.7,2.5,LS,4.5,,N,-,-,-,-,-,-,-,S,,,,,1,
r478,y217,mk_3,120,Hw,-1.5,3.0,SN,6.1,,Y,-,-,-,-,-,-,-,-,,,,,-,Wasn't recording crown condition for dead trees at this point
r479,y218,mk_3,120,Hw,-0.7,2.5,LL,5.8,,Y,N,0,0,1,N,-,Y,S,,,,,2,
r480,y219,mk_3,120,Hw,-0.8,2.4,SN,5.5,,Y,-,-,-,-,-,-,-,-,,,,,-,Wasn't recording crown condition for dead trees at this point
r481,y220,mk_3,120,Hw,0.6,2.8,LL,6.3,,Y,N,0,1,0,N,-,Y,S,,,,,1,
r482,y221,mk_3,120,Hw,1.4,2.9,LS,4.5,,Y,N,0,0,1,N,-,N,S,,,,,1,
r483,y222,mk_3,120,Hw,1.8,3.2,LL,4.1,,N,-,-,-,-,-,-,-,S,,,5,,2,
r484,y107,mk_3,120,Hw,-0.7,6.9,LS,12.5,10.9,Y,N,1,1,0,N,-,N,C,AX,,,,1,Infection perimeter tree
r485,y61,mk_3,120,Hw,1.8,8.6,LS,16.6,12.8,N,-,-,-,-,-,-,-,C,,,,,1,
r486,y223,mk_3,120,Hw,0.0,10.1,LS,5.8,,N,-,-,-,-,-,-,-,S,,,,,1,
r487,y224,mk_3,120,Ep,0.9,11.3,LS,20.6,,-,-,-,-,-,-,-,-,D,,,-,,1,
r488,y225,mk_3,121,Hw,-0.6,2.0,LS,5.2,,N,-,-,-,-,-,-,-,S,,,-,,1,
r489,y226,mk_3,121,Hw,1.0,3.1,LS,4.3,,N,-,-,-,-,-,-,-,S,,,1,,1,
r490,y227,mk_3,121,Hw,1.0,3.2,LS,4.3,,N,-,-,-,-,-,-,-,S,,,-,,1,
r491,y228,mk_3,121,Hw,0.4,3.4,LS,5.9,,N,-,-,-,-,-,-,-,S,,,-,,1,
r492,y229,mk_3,121,Cw,1.8,4.1,LL,5.4,,-,-,-,-,-,-,-,-,S,,,-,,1,
r493,y230,mk_3,121,Hw,0.1,3.9,LS,4.6,,N,-,-,-,-,-,-,-,S,,,4,,2,
r494,y231,mk_3,121,Hw,0.3,4.2,LS,5.0,,N,-,-,-,-,-,-,-,S,,,4,1,1,
r495,y232,mk_3,121,Hw,0.5,4.5,LS,4.5,,N,-,-,-,-,-,-,-,S,,,-,,1,
r496,y233,mk_3,121,Hw,-0.8,3.9,LS,7.0,,N,-,-,-,-,-,-,-,S,,,-,,1,
r497,y234,mk_3,121,Hw,-1.9,4.5,LS,8.2,,N,-,-,-,-,-,-,-,S,,,-,,1,
r498,y235,mk_3,121,Hw,-1.7,5.1,LS,5.2,,N,-,-,-,-,-,-,-,S,,,5,,1,
r499,y236,mk_3,121,Hw,-2.0,4.9,LS,4.1,,N,-,-,-,-,-,-,-,S,,,,,1,
r500,y237,mk_3,121,Hw,-2.2,4.9,LS,4.1,,N,-,-,-,-,-,-,-,S,,,,,1,
r501,y238,mk_3,121,Hw,-2.2,5.3,LS,6.6,,N,-,-,-,-,-,-,-,S,,,,,1,
r502,y239,mk_3,121,Hw,2.3,7.4,LS,7.8,,N,-,-,-,-,-,-,-,S,,,,,1,
r503,y240,mk_3,121,Hw,1.4,7.8,SN,5.0,,N,-,-,-,-,-,-,-,-,,,,,1,
r504,y113,mk_3,121,Hw,0.8,9.7,LS,8.5,,N,-,-,-,-,-,-,-,I,,,1,,1,
r505,y65,mk_3,121,Hw,-0.8,8.7,LS,24.0,,N,-,-,-,-,-,-,-,D,,,,,1,
r506,y241,mk_3,121,Hw,-0.4,9.6,DS,4.0,,N,-,-,-,-,-,-,-,-,,,,,-,
r507,y103,mk_3,121,Hw,-1.0,9.7,LS,12.4,,N,-,-,-,-,-,-,-,C,,,,,1,
r508,y242,mk_3,121,Hw,-1.0,9.9,LS,4.6,,N,-,-,-,-,-,-,-,S,,,,,2,
r509,y119,mk_3,121,Hw,-0.6,10.1,LS,9.2,,N,-,-,-,-,-,-,-,I,,,,,1,
r510,y243,mk_3,121,Hw,-2.5,9.0,LS,5.9,,N,-,-,-,-,-,-,-,S,,,,,1,
r511,y244,mk_3,121,Cw,0.0,12.6,LS,8.4,,-,-,-,-,-,-,-,-,S,,,,,1,
r512,y245,mk_3,121,Cw,-1.9,10.3,LS,11.8,,-,-,-,-,-,-,-,-,I,,,,,1,
r513,y63,mk_3,121,Hw,1.1,12.4,LS,13.5,16.1,N,-,-,-,-,-,-,-,C,,,,,1,
r514,y101,mk_3,121,Hw,1.2,12.5,LS,11.7,,N,-,-,-,-,-,-,-,C,,,,,1,
r515,y7,mk_3,121,Hw,1.2,13.2,LS,11.7,,N,-,-,-,-,-,-,-,C,,,,,1,
r516,y246,mk_3,121,Cw,1.7,14.0,LS,14.5,,-,-,-,-,-,-,-,-,C,,,,,1,
r517,y247,mk_3,121,Cw,-0.3,14.4,LS,6.9,,-,-,-,-,-,-,-,-,S,,,,,1,
r518,y248,mk_3,121,Hw,1.4,14.1,DS,4.0,,N,-,-,-,-,-,-,-,S,,,,,-,
r519,y249,mk_3,121,Dr,1.6,15.7,LS,5.6,,-,-,-,-,-,-,-,-,I,,,,,1,
r520,y8,mk_3,121,Hw,-0.7,14.4,LS,11.9,13.3,N,-,-,-,-,-,-,-,S,,,,,1,
r521,y250,mk_3,121,Cw,-1.6,15.2,LS,5.4,,-,-,-,-,-,-,-,-,C,,,,,2,
r522,w100,mk_1,100,Fd,-0.6,0.6,LL,8.5,,-,-,-,-,-,-,-,-,C,,,2,,1,
r523,w123,mk_1,100,Fd,0.0,0.9,LL,5.1,,-,-,-,-,-,-,-,-,C,,,,,1,
r524,w65,mk_1,100,Hw,-0.9,2.8,LS,8.9,,N,-,-,-,-,-,-,-,C,,,,,1,
r525,w18,mk_1,100,Hw,0.3,-1.9,LS,19.5,,Y,Y,2,1,1,N,-,N,D,,,,,1,
r526,w67,mk_1,100,Hw,1.4,3.7,LL,11.8,,N,-,-,-,-,-,-,-,C,,,,,1,
r527,w66,mk_1,100,Hw,0.0,5.2,LS,7.5,,Y,Y,1,0,1,N,-,N,S,,,4,,2,
r528,w64,mk_1,100,Hw,-2.1,5.3,LS,17.1,,Y,Y,1,0,0,N,-,N,D,,,,,1,
r529,w59,mk_1,100,Hw,1.1,5.7,LS,18.0,,Y,N,1,1,0,N,-,N,D,,,,,1,
r530,w50,mk_1,100,Hw,1.4,6.2,LS,7.6,,N,-,-,-,-,-,-,-,S,,,1,,1,
r531,w103,mk_1,100,Hw,0.8,6.3,LS,8.7,,N,-,-,-,-,-,-,-,I,,,,,1,
r532,w71,mk_1,100,Hw,1.2,6.2,LS,6.0,,N,-,-,-,-,-,-,-,S,,,,,1,
r533,w121,mk_1,100,Hw,1.3,6.4,LS,11.8,,Y,Y,0,0,0,N,-,N,C,,,,,1,HDM blc had a (-) but had DMR 0 so assumed there was some blc. 
r534,w49,mk_1,100,Hw,1.1,8.4,LS,8.1,,N,-,-,-,-,-,-,-,I,,,,,1,
r535,w36,mk_1,100,Hw,-2.1,12.6,LS,8.6,,N,-,-,-,-,-,-,-,I,,,,,1,
r536,w104,mk_1,100,Hw,-2.3,14.0,LS,9.0,,N,-,-,-,-,-,-,-,I,,,,,1,
r537,w21,mk_1,100,Hw,-0.7,15.0,SN,8.5,,N,-,-,-,-,-,-,-,-,,,,,-,
r538,w5,mk_1,100,Hw,0.4,15.0,LS,13.1,,N,-,-,-,-,-,-,-,C,,,,,1,
r539,w117,mk_1,100,Hw,-0.2,15.2,LS,7.8,,N,-,-,-,-,-,-,-,I,,,,,1,
r540,w118,mk_1,100,Hw,-2.5,15.1,LS,4.8,,N,-,-,-,-,-,-,-,S,,,,,1,
r541,w119,mk_1,100,Hw,-2.3,15.8,LS,5.1,,N,-,-,-,-,-,-,-,S,,,,,1,
r542,w20,mk_1,100,Hw,-0.5,16.9,LS,10.5,,N,-,-,-,-,-,-,-,C,,,,,1,
r543,w116,mk_1,100,Hw,-1.1,17.0,LS,10.4,,N,-,-,-,-,-,-,-,I,,,,,1,
r544,w9,mk_1,100,Hw,1.1,17.1,LS,12.4,,N,-,-,-,-,-,-,-,C,,,,,1,
r545,w19,mk_1,100,Hw,-0.1,17.3,DS,4.2,,N,-,-,-,-,-,-,-,-,,,,,-,Crown condition recorded as 2 but doesn't make sense - tree dead. 
r546,w24,mk_1,100,Hw,-0.8,17.4,LS,5.3,,N,-,-,-,-,-,-,-,S,,,,,1,
r547,w30,mk_1,100,Hw,-1.3,17.4,LS,6.0,,N,-,-,-,-,-,-,-,S,,,,,2,
r548,w42,mk_1,100,Hw,0.6,18.3,LS,12.5,,N,-,-,-,-,-,-,-,C,,,,,2,
r549,w55,mk_1,100,Hw,2.5,18.3,LS,8.0,,N,-,-,-,-,-,-,-,I,,,1,,1,
r550,w76,mk_1,100,Cw,-0.3,19.1,LS,31.0,,-,-,-,-,-,-,-,-,D,,,-,,1,
r551,w68,mk_1,100,Hw,-1.5,4.1,LS,4.1,,N,-,-,-,-,-,-,-,S,,,1,,2,
r552,w62,mk_1,100,Hw,2.2,19.2,LS,7.1,,N,-,-,-,-,-,-,-,S,,,,,1,
r553,w54,mk_1,100,Hw,2.2,19.2,LS,7.3,,N,-,-,-,-,-,-,-,S,,,,,1,
r554,w29,mk_1,100,Hw,1.8,19.7,LS,7.6,,Y,Y,0,0,0,N,-,-,I,,,,,1,
r555,w63,mk_1,100,Hw,-2.2,21.7,LS,9.3,,N,-,-,-,-,-,-,-,I,,,,,1,
r556,y5,mk_1,101,Hw,-2.1,1.0,LL,8.2,,Y,Y,0,0,1,N,-,-,S,,,,,1,
r557,y126,mk_1,101,Hw,1.4,1.3,LS,10.9,,Y,Y,1,0,0,N,-,-,C,,,,,1,
r558,y37,mk_1,101,Hw,0.0,1.9,LS,7.4,,Y,N,1,0,0,N,-,-,S,,,,,1,
r559,y57,mk_1,101,Hw,-1.7,2.9,LS,6.0,,N,-,-,-,-,-,-,-,I,,,2,,1,
r560,y103,mk_1,101,Hw,2.3,3.4,LS,23.2,,Y,Y,2,1,1,Y,1,Y,C,,,,,1,Residual?
r561,y4,mk_1,101,U,2.0,4.4,SN,9.8,,N,-,-,-,-,-,-,-,-,,,,,-,
r562,y130,mk_1,101,Hw,1.4,4.6,DS,7.7,,Y,-,-,-,-,-,-,-,-,,,,,-,
r563,y14,mk_1,101,Hw,-1.6,5.0,LS,15.5,,Y,Y,1,0,0,N,-,N,C,,,,,1,
r564,y119,mk_1,101,Hw,-1.2,5.0,DS,6.1,,N,-,-,-,-,-,-,-,-,U,,,,-,
r565,y111,mk_1,101,Hw,-1.3,5.6,DS,7.0,,N,-,-,-,-,-,-,-,-,U,,,,-,
r566,y105,mk_1,101,Hw,-1.0,5.9,LS,11.0,,Y,N,1,0,0,N,-,N,C,,,,,1,
r567,y2,mk_1,101,Hw,-0.7,6.0,DS,5.6,,N,-,-,-,-,-,-,-,-,U,,,,-,
r568,y38,mk_1,101,Hw,2.2,5.8,LS,19.4,,Y,Y,2,1,1,Y,1,N,C,,,,,1,Forked with r569
r569,y58,mk_1,101,Hw,2.4,5.8,LS,10.3,,Y,Y,0,0,0,N,-,N,C,,,2,,1,Forked with r568
r570,y200,mk_1,101,Hw,0.8,6.7,LS,5.4,,Y,Y,1,0,0,N,-,N,S,,,1,,1,
r571,y201,mk_1,101,Hw,-0.5,6.7,DS,4.4,,N,-,-,-,-,-,-,-,-,U,,-,,-,
r572,y202,mk_1,101,Hw,-2.3,7.4,DS,6.8,,N,-,-,-,-,-,-,-,-,U,,1,,-,
r573,y203,mk_1,101,Dr,0.0,7.7,DS,8.5,,-,-,-,-,-,-,-,-,-,,,1,,-,
r574,y204,mk_1,101,Hw,0.7,9.0,LS,18.9,,Y,Y,2,1,0,N,-,N,C,,,,,1,
r575,y205,mk_1,101,Hw,1.2,10.4,LS,21.8,,Y,Y,2,1,0,Y,1,Y,C,,,,,2,
r576,y206,mk_1,101,Hw,0.9,9.9,LS,6.7,,N,-,-,-,-,-,-,-,S,,,,,2,
r577,y207,mk_1,101,Hw,1.7,10.3,DS,5.0,,N,-,-,-,-,-,-,-,-,U,,,,-,
r578,y208,mk_1,101,Dr,1.8,10.3,LL,7.9,,-,-,-,-,-,-,-,-,I,,,,,2,
r579,y209,mk_1,101,Hw,-2.3,10.4,LS,19.3,,Y,N,1,0,0,N,-,N,C,,,,,2,
r580,y210,mk_1,101,Hw,-2.3,10.4,LS,11.3,,Y,N,1,0,0,N,-,N,I,,,,,1,
r581,y211,mk_1,101,Hw,-2.3,12.0,LS,11.7,,Y,Y,0,0,0,N,-,N,I,,,,,1,
r582,y212,mk_1,101,Hw,-1.8,12.7,LS,11.9,,Y,Y,1,1,0,N,-,N,I,,,,,2,
r583,y213,mk_1,101,Dr,0.1,11.7,LS,9.4,,-,-,-,-,-,-,-,-,I,,,,,1,
r584,y214,mk_1,101,Hw,-0.4,12.7,DS,5.7,,N,-,-,-,-,-,-,-,-,U,,,,-,
r585,y215,mk_1,101,Hw,1.5,11.8,LS,6.8,,Y,N,0,1,0,N,-,N,S,,,,,2,
r586,y216,mk_1,101,Hw,2.2,12.4,LS,15.3,,Y,N,1,0,0,N,-,N,C,,,,,1,
r587,y217,mk_1,101,Hw,-0.9,12.4,LS,13.6,,Y,Y,1,0,0,Y,8,N,C,,,,,1,
r588,y218,mk_1,101,Hw,0.2,12.9,DS,5.7,,N,-,-,-,-,-,-,-,-,U,,,,-,
r589,y219,mk_1,101,Hw,0.6,13.4,LS,15.3,,Y,Y,1,0,0,N,-,N,C,,,4,,2,
r590,y220,mk_1,101,Hw,1.1,13.7,LS,10.3,,N,-,-,-,-,-,-,-,S,,,,,2,
r591,y221,mk_1,101,Hw,1.3,14.5,LS,10.8,,Y,Y,1,0,0,N,-,N,C,,,,,1,
r592,y222,mk_1,101,Hw,-0.1,13.9,LS,16.2,,Y,Y,0,0,0,N,-,N,C,,,,,1,
r593,y223,mk_1,101,Hw,-2.3,13.4,LS,9.2,,Y,Y,0,0,0,N,-,N,I,,,,,1,
r594,y224,mk_1,101,Hw,-0.8,14.4,DS,4.9,,N,-,-,-,-,-,-,-,-,U,,,,-,
r595,y225,mk_1,101,Hw,-1.7,14.6,LS,16.7,,N,-,-,-,-,-,-,-,C,,,,,1,
r596,y226,mk_1,101,Hw,-2.1,14.6,LS,7.1,,N,-,-,-,-,-,-,-,S,,,5,,2,
r597,y227,mk_1,101,Hw,-1.9,14.7,DS,5.7,,N,-,-,-,-,-,-,-,-,U,,,,-,
r598,y228,mk_1,101,Hw,1.4,16.0,LS,18.2,,Y,Y,1,0,0,Y,8,Y,C,,,,,1,
r599,y229,mk_1,101,Hw,2.4,15.8,LS,17.7,,Y,N,1,0,0,N,-,N,C,,,,,2,
r600,y230,mk_1,101,Hw,-2.5,16.0,LS,13.5,,Y,Y,0,0,0,N,-,N,C,,,,,1,
r601,y231,mk_1,101,Hw,-2.3,16.1,DS,5.4,,N,-,-,-,-,-,-,-,-,U,,,,-,
r602,y232,mk_1,101,Hw,-2.2,16.4,LS,9.9,,N,-,-,-,-,-,-,-,C,,,,,2,
r603,y233,mk_1,101,Hw,0.1,18.2,LS,15.0,,Y,Y,0,0,0,Y,8,N,C,,,,,1,
r604,y234,mk_1,101,Hw,0.4,19.0,LS,18.3,,Y,Y,0,0,0,N,-,N,C,,,,,1,
r605,y235,mk_1,101,Hw,-2.3,19.9,LS,9.3,,N,-,-,-,-,-,-,-,I,,,,,1,
r606,y236,mk_1,101,Hw,-1.9,20.3,LS,20.3,,Y,N,0,1,0,N,-,N,C,,,,,1,
r607,y237,mk_1,101,Hw,-2.1,21.0,LS,15.1,,N,-,-,-,-,-,-,-,C,,,,,1,
r608,y238,mk_1,101,Hw,-2.3,21.0,LS,6.2,,N,-,-,-,-,-,-,-,S,,,,,1,
r609,y239,mk_1,101,Hw,-2.2,21.5,SN,6.3,,N,-,-,-,-,-,-,-,-,U,,,,-,
r610,y240,mk_1,101,Hw,1.8,20.2,LS,10.0,,N,-,-,-,-,-,-,-,I,,,,,1,
r611,y241,mk_1,101,Hw,2.0,20.3,LS,9.4,,N,-,-,-,-,-,-,-,I,,,,,1,
r612,y242,mk_1,101,Fd,1.5,21.0,LS,11.8,,N,-,-,-,-,-,-,-,C,,,,,2,
r613,y243,mk_1,102,Cw,0.0,3.4,LL,5.5,,-,-,-,-,-,-,-,-,I,NW,,,,1,
r614,y244,mk_1,102,Hw,0.9,3.5,LL,8.8,,N,-,-,-,-,-,-,-,I,NW,,,,1,forked with r615
r615,y245,mk_1,102,Hw,0.9,3.5,LL,5.7,,N,-,-,-,-,-,-,-,I,NW,,,,2,forked with r614
r616,y246,mk_1,102,Hw,0.6,4.2,DS,8.6,,N,-,-,-,-,-,-,-,-,,,,,-,
r617,y247,mk_1,102,Hw,2.0,3.9,LL,10.7,,N,-,-,-,-,-,-,-,S,DD,,,,1,fruiting body
r618,y248,mk_1,102,Hw,-2.0,4.0,LS,5.3,,N,-,-,-,-,-,-,-,S,,,,,1,
r619,y249,mk_1,102,Hw,-1.7,5.1,LS,17.0,,N,-,-,-,-,-,-,-,C,,,,,1,
r620,y250,mk_1,102,Hw,-2.1,5.0,LS,11.2,,N,-,-,-,-,-,-,-,I,,,,,1,
r621,y251,mk_1,102,Hw,0.6,5.7,LS,7.0,,N,-,-,-,-,-,-,-,S,,,,,1,
r622,y252,mk_1,102,Hw,2.5,6.4,DS,4.8,,N,-,-,-,-,-,-,-,-,NF,,,,-,in creek bed
r623,y253,mk_1,102,Hw,-2.4,6.3,LS,5.8,,N,-,-,-,-,-,-,-,S,,,,,1,
r624,y254,mk_1,102,Hw,-1.5,7.7,LS,11.1,,N,-,-,-,-,-,-,-,I,,,,,1,
r625,y255,mk_1,102,Hw,-1.4,8.4,LS,9.3,,N,-,-,-,-,-,-,-,I,,,1,,1,
r626,y256,mk_1,102,Hw,-0.4,9.5,LS,5.7,,N,-,-,-,-,-,-,-,S,,,,,1,
r627,y257,mk_1,102,Hw,-1.8,10.5,LS,14.6,,N,-,-,-,-,-,-,-,C,,,,,1,
r628,y258,mk_1,102,Hw,-2.2,14.4,LS,21.0,19.5,N,-,-,-,-,-,-,-,C,,,,,1,
r629,y259,mk_1,102,Hw,-1.0,15.9,LS,7.6,,N,-,-,-,-,-,-,-,S,,,1,,1,
r630,y260,mk_1,102,Hw,-1.6,16.1,DS,4.1,,N,-,-,-,-,-,-,-,S,U,,,,-,
r631,y261,mk_1,102,Hw,-1.2,17.1,LS,13.6,15.6,N,-,-,-,-,-,-,-,C,,,,,1,
r632,y262,mk_1,102,Hw,-2.0,17.7,LS,10.5,,N,-,-,-,-,-,-,-,I,,,1,,1,
r633,y263,mk_1,102,Hw,0.6,16.7,LS,13.5,17.0,N,-,-,-,-,-,-,-,C,,,,,1,
r634,y264,mk_1,102,Hw,0.9,16.0,LS,20.0,18.3,N,-,-,-,-,-,-,-,C,,,,,1,
r635,y265,mk_1,102,Hw,1.5,15.8,LS,10.8,,N,-,-,-,-,-,-,-,I,,,,,1,
r636,y266,mk_1,102,Hw,1.9,17.8,LS,19.0,,N,-,-,-,-,-,-,-,C,,,,,1,
r637,y267,mk_1,102,Cw,1.5,18.6,DS,5.3,,-,-,-,-,-,-,-,-,S,,,,,-,Clump r637-r639
r638,y268,mk_1,102,Cw,1.5,18.6,LS,11.5,,-,-,-,-,-,-,-,-,I,,,,,1,Clump r637-r639
r639,y269,mk_1,102,Cw,1.5,18.6,LS,6.3,,-,-,-,-,-,-,-,-,I,,,,,1,Clump r637-r639
r640,y270,mk_1,102,Hw,0.7,20.7,LS,16.4,17.8,N,-,-,-,-,-,-,-,C,,,,,1,
r641,y271,mk_1,102,Cw,-1.1,20.8,LS,8.0,,-,-,-,-,-,-,-,-,S,,,1,,1,
r642,y272,mk_1,102,Cw,-2.4,21.3,LS,6.0,,-,-,-,-,-,-,-,-,S,,,5,,1,
r643,y273,mk_1,102,Hw,1.1,22.1,DS,5.1,,N,-,-,-,-,-,-,-,S,U,,,,-,
r644,y274,mk_1,102,Hw,2.0,22.0,LS,4.3,,N,-,-,-,-,-,-,-,S,,,,,1,
r645,w52,mi_2,122,Hw,-0.3,0.9,LS,7.5,,Y,Y,0,1,0,N,-,N,I,,,-,,1,
r646,w62,mi_2,122,Hw,-1.0,1.3,LS,4.1,,N,-,-,-,-,-,-,-,I,,,-,,2,
r647,w101,mi_2,122,Hw,-0.7,2.6,LS,4.9,,Y,Y,0,0,0,N,-,N,I,,,-,,2,
r648,w40,mi_2,122,Hw,-0.2,2.9,LS,7.2,,Y,Y,1,1,0,N,-,N,I,,,1,,1,
r649,w43,mi_2,122,Hw,-1.9,2.9,LS,5.6,,Y,Y,0,1,0,N,-,N,I,,,1,,1,
r650,w112,mi_2,122,Hw,-2.5,3.4,LS,9.4,,Y,Y,0,1,0,N,-,N,I,,,-,,1,
r651,w123,mi_2,122,Hw,1.5,3.1,LS,10.7,,Y,Y,2,2,1,N,-,N,I,,,1,,1,
r652,w6,mi_2,122,Hw,0.6,5.0,LS,10.2,,Y,Y,1,0,0,N,-,N,I,,,1,,2,
r653,w51,mi_2,122,Hw,2.5,5.3,LS,14.9,,Y,Y,1,1,1,N,-,N,C,,,-,,1,
r654,w21,mi_2,122,Hw,2.3,6.2,LS,10.9,,N,-,-,-,-,-,-,-,I,,,-,,1,
r655,w60,mi_2,122,Hw,-0.9,5.6,LS,11.4,,Y,Y,1,1,0,N,-,N,C,,,-,,1,
r656,w75,mi_2,122,Fd,-1.1,6.4,DS,8.8,,N,-,-,-,-,-,-,-,-,DRA,,-,,-,
r657,w2,mi_2,122,Hw,0.7,10.5,LS,7.3,,N,-,-,-,-,-,-,-,S,,,1,,1,Forked with r658 and r660
r658,w41,mi_2,122,Hw,0.5,10.7,LS,19.9,,Y,Y,1,1,0,N,-,N,C,IB,AX,-,,1,Forked with r660 and r657
r659,w70,mi_2,122,Hw,1.1,11.5,LS,21.3,,Y,Y,1,1,0,N,-,N,C,,,-,,1,
r660,w73,mi_2,122,Hw,0.9,11.7,LS,11.5,,Y,N,0,1,0,N,-,N,I,,,,,1,forked with r657 and r658
r661,w45,mi_2,122,Cw,2.1,12.3,LS,8.3,,N,-,-,-,-,-,-,-,I,,,1,,1,
r662,w59,mi_2,122,Ep,-0.1,11.0,SN,6.4,,N,-,-,-,-,-,-,-,-,U,,,,-,
r663,w4,mi_2,122,Hw,-1.2,15.2,LS,19.1,,Y,Y,1,0,0,N,-,N,C,IB,,,,1,
r664,w10,mi_2,122,Hw,-1.1,15.4,LS,15.7,,N,-,-,-,-,-,-,-,C,,,,,1,
r665,w16,mi_2,122,Hw,-1.6,15.5,LS,5.3,,N,-,-,-,-,-,-,-,S,,,,,2,
r666,w100,mi_2,122,Hw,-2.1,16.3,LS,11.3,,N,-,-,-,-,-,-,-,I,,,,,1,
r667,w48,mi_2,122,Hw,2.1,14.4,LS,19.7,,N,-,-,-,-,-,-,-,C,,,,,1,
r668,w108,mi_2,122,Ep,1.4,16.9,LL,9.8,,N,-,-,-,-,-,-,-,I,NX,,2,,1,
r669,y67,mi_2,124,Hw,-1.1,1.9,LS,4.9,,Y,Y,1,0,0,N,-,N,S,,,,,1,
r670,y11,mi_2,124,Hw,-1.2,2.2,LS,7.0,,Y,Y,0,0,0,N,-,N,I,,,,,1,
r671,y122,mi_2,124,Hw,-1.1,2.6,LS,5.8,,Y,Y,0,0,0,N,-,N,I,,,,,1,
r672,y30,mi_2,124,Hw,1.9,1.2,LS,5.3,,N,-,-,-,-,-,-,-,I,,,,,1,
r673,y66,mi_2,124,Hw,0.5,3.2,LS,8.0,,Y,Y,0,0,0,N,-,N,I,,,,,1,
r674,y38,mi_2,124,Hw,-2.2,3.7,DS,4.6,,Y,-,-,-,-,-,-,-,-,DRA,,,,-,
r675,y63,mi_2,124,Hw,-1.8,5.1,LS,9.0,,Y,N,1,0,0,N,-,N,I,,,,,1,
r676,y31,mi_2,124,Hw,-1.5,6.6,SN,6.9,,N,-,-,-,-,-,-,-,-,,,,,-,
r677,y10,mi_2,124,Hw,-2.0,7.0,LS,16.0,,Y,Y,0,0,0,N,-,N,C,,,,,1,
r678,y106,mi_2,124,Hw,-0.5,8.0,LS,8.3,,Y,N,1,1,0,N,-,N,S,,,,,1,
r679,y110,mi_2,124,Hw,-0.2,8.2,LS,18.9,,Y,Y,1,1,0,N,-,N,C,,,,,1,
r680,y27,mi_2,124,Hw,1.6,7.4,LL,4.0,,Y,N,0,0,1,N,-,N,S,,,,,2,
r681,y123,mi_2,124,Hw,2.3,7.6,LS,5.2,,Y,N,1,0,0,N,-,N,S,,,,,1,
r682,y102,mi_2,124,Hw,1.5,8.1,LS,11.5,,Y,Y,1,0,0,N,-,N,I,,,,,1,
r683,y26,mi_2,124,Hw,2.4,8.4,DS,8.7,,Y,-,-,-,-,-,-,-,-,U,,,,-,
r684,y107,mi_2,124,Hw,2.0,8.8,DS,4.0,,N,-,-,-,-,-,-,-,-,,,5,,-,
r685,y101,mi_2,124,Hw,1.9,8.8,LS,6.1,,N,-,-,-,-,-,-,-,S,,,-,,2,
r686,y13,mi_2,124,Hw,1.7,9.0,DS,4.8,,Y,-,-,-,-,-,-,-,-,U,,-,,-,Forked with smaller Hw
r687,y35,mi_2,124,Hw,1.1,9.5,LS,6.3,,Y,Y,0,0,0,N,-,N,S,,,1,,1,
r688,y64,mi_2,124,Hw,2.1,11.3,LS,4.5,,Y,Y,1,0,0,N,-,N,S,,,,,1,Forked with r689
r689,y65,mi_2,124,Hw,2.2,11.3,LS,5.2,,N,-,-,-,-,-,-,-,S,,,,,1,Forked with r688
r690,y21,mi_2,124,Hw,2.4,11.9,LS,15.9,,Y,Y,0,0,0,N,-,N,C,,,,,1,
r691,y55,mi_2,124,Hw,1.9,13.8,DS,4.6,,N,-,-,-,-,-,-,-,-,U,,,,-,Mistletoe infection in tree adjacent to this one but below transect DBH cutoff
r692,y118,mi_2,124,Hw,2.3,13.8,LS,7.0,,Y,N,1,0,1,N,-,N,S,,,,,1,
r693,y125,mi_2,124,Hw,2.2,14.5,LS,11.4,,Y,Y,0,0,0,N,-,N,C,,,,,1,
r694,y68,mi_2,124,Hw,-2.3,12.2,LS,14.5,,N,-,-,-,-,-,-,-,C,,,,,1,
r695,y4,mi_2,124,Hw,-2.5,12.5,LS,15.3,,N,-,-,-,-,-,-,-,C,,,,,1,
r696,y114,mi_2,124,Hw,-0.4,13.6,LS,6.4,,Y,Y,0,0,0,N,-,N,S,,,,,1,
r697,y115,mi_2,124,Hw,-0.1,14.3,LS,14.0,,Y,N,1,0,0,N,-,N,C,,,,,1,
r698,y105,mi_2,124,Hw,-0.4,14.2,LS,6.0,,N,-,-,-,-,-,-,-,S,,,1,,1,
r699,y124,mi_2,124,Hw,-0.3,15.4,LS,15.2,,N,N,0,0,0,N,-,N,C,,,-,,1,
r700,y128,mi_2,124,Hw,-0.9,15.6,DS,4.6,,Y,-,-,-,-,-,-,-,-,DRA,,-,,-,
r701,y70,mi_2,124,Hw,-1.3,15.4,DS,4.0,,N,-,-,-,-,-,-,-,-,DRA,,-,,-,
r702,y40,mi_2,124,Hw,-1.3,15.6,LS,5.9,,N,-,-,-,-,-,-,-,S,,,1,,2,
r703,y58,mi_2,124,Hw,-2.0,15.2,LS,4.5,,Y,Y,0,0,0,N,-,N,S,,,-,,2,
r704,y129,mi_2,124,Hw,-2.2,15.2,LS,5.6,,N,-,-,-,-,-,-,-,S,,,1,,,Missing crown condition
r705,w104,mi_2,129,Hw,-1.3,1.7,LS,7.8,,N,-,-,-,-,-,-,-,I,,,,,1,
r706,w69,mi_2,129,Hw,1.1,1.3,LS,5.0,,N,-,-,-,-,-,-,-,I,,,,,1,
r707,w125,mi_2,129,Hw,1.4,1.3,LS,4.9,,N,-,-,-,-,-,-,-,I,,,-,,1,
r708,w39,mi_2,129,Hw,1.4,1.7,LS,5.7,,Y,N,1,0,0,N,-,N,I,,,-,,1,
r709,w119,mi_2,129,Hw,1.8,1.7,LS,4.7,,N,-,-,-,-,-,-,-,I,,,1,,1,
r710,w5,mi_2,129,Hw,2.4,2.6,LS,6.6,,Y,N,1,1,0,N,-,N,I,,,5,,1,
r711,w34,mi_2,129,Hw,-1.8,5.2,LL,8.6,,Y,Y,0,0,0,N,-,N,I,,,1,,1,
r712,w107,mi_2,129,Hw,-1.5,5.2,LL,4.6,,Y,Y,0,0,0,N,-,N,S,,,-,,1,
r713,w72,mi_2,129,Hw,1.9,4.7,LS,9.0,,Y,N,1,0,0,N,-,N,I,,,-,,1,
r714,w3,mi_2,129,Hw,2.2,5.2,LS,7.8,,Y,N,1,1,0,N,-,N,I,,,1,,1,
r715,w49,mi_2,129,Hw,0.6,6.1,LS,7.9,,Y,Y,1,1,0,N,-,N,I,,,,,1,
r716,w42,mi_2,129,Hw,-0.9,5.9,LS,9.0,,Y,Y,0,1,0,N,-,N,I,,,,,1,
r717,w103,mi_2,129,Hw,-1.5,6.6,LS,7.0,,Y,Y,0,0,0,N,-,N,I,,,,,1,
r718,w111,mi_2,129,Hw,-0.6,6.6,LS,6.3,,Y,N,1,0,0,N,-,N,I,,,,,1,
r719,w105,mi_2,129,Hw,-2.5,6.9,LS,5.7,,Y,Y,2,0,0,N,-,N,S,,,,,1,
r720,w37,mi_2,129,Hw,-2.5,9.0,LS,22.9,,Y,Y,1,1,0,N,-,N,C,,,,,1,
r721,w35,mi_2,129,Hw,-1.2,9.2,LS,4.8,,Y,N,1,1,0,N,-,N,S,,,,,1,
r722,w66,mi_2,129,Hw,0.5,8.1,LS,6.2,,N,-,-,-,-,-,-,-,S,,,1,,1,
r723,w46,mi_2,129,Hw,2.0,7.8,LS,8.9,,N,-,-,-,-,-,-,-,I,,,,,1,
r724,w118,mi_2,129,Hw,2.2,7.8,LS,8.3,,Y,Y,1,0,0,N,-,N,I,,,,,1,
r725,w7,mi_2,129,Hw,1.6,9.7,LS,12.7,,N,-,-,-,-,-,-,-,C,,,,,1,
r726,w44,mi_2,129,Hw,-0.2,10.4,LL,8.3,,Y,N,1,0,0,N,-,N,I,,,,,2,
r727,w116,mi_2,129,Hw,0.3,10.5,LL,8.2,,Y,Y,1,0,0,N,-,N,I,,,,,1,
r728,w106,mi_2,129,Hw,1.1,10.7,LS,14.0,,Y,Y,1,0,0,N,-,N,C,,,,,1,
r729,w14,mi_2,129,Hw,-1.2,10.4,LS,4.7,,N,-,-,-,-,-,-,-,S,,,,,2,
r730,w1,mi_2,129,Hw,1.5,11.4,DS,8.0,,N,-,-,-,-,-,-,-,-,U,,,,-,
r731,w8,mi_2,129,Hw,1.3,12.0,LS,6.6,,Y,N,1,1,0,N,-,N,S,,,,,1,
r732,w13,mi_2,129,Fd,-2.0,14.3,LS,11.2,,N,-,-,-,-,-,-,-,C,,,7,,2,
r733,w109,mi_2,129,Hw,-0.8,16.5,LS,15.3,,Y,Y,1,0,0,N,-,N,C,,,,,1,
r734,w102,mi_2,129,Fd,0.6,14.4,DS,9.0,,N,-,-,-,-,-,-,-,-,U,,,,-,
r735,w47,mi_2,129,Hw,2.3,13.3,LS,16.8,,Y,Y,0,0,0,N,-,N,C,,,,,1,
r736,,,,,,,,,,,,,,,,,,,,,,,,
r737,,,,,,,,,,,,,,,,,,,,,,,,
r738,,,,,,,,,,,,,,,,,,,,,,,,
r739,,,,,,,,,,,,,,,,,,,,,,,,
r740,,,,,,,,,,,,,,,,,,,,,,,,
r741,,,,,,,,,,,,,,,,,,,,,,,,
r742,,,,,,,,,,,,,,,,,,,,,,,,
r743,,,,,,,,,,,,,,,,,,,,,,,,
r744,,,,,,,,,,,,,,,,,,,,,,,,
r745,,,,,,,,,,,,,,,,,,,,,,,,
r746,,,,,,,,,,,,,,,,,,,,,,,,
r747,,,,,,,,,,,,,,,,,,,,,,,,
r748,,,,,,,,,,,,,,,,,,,,,,,,
r749,,,,,,,,,,,,,,,,,,,,,,,,
r750,,,,,,,,,,,,,,,,,,,,,,,,
r751,,,,,,,,,,,,,,,,,,,,,,,,
r752,,,,,,,,,,,,,,,,,,,,,,,,
r753,,,,,,,,,,,,,,,,,,,,,,,,
r754,,,,,,,,,,,,,,,,,,,,,,,,
r755,,,,,,,,,,,,,,,,,,,,,,,,
r756,,,,,,,,,,,,,,,,,,,,,,,,
r757,,,,,,,,,,,,,,,,,,,,,,,,
r758,,,,,,,,,,,,,,,,,,,,,,,,
r759,,,,,,,,,,,,,,,,,,,,,,,,
r760,,,,,,,,,,,,,,,,,,,,,,,,
r761,,,,,,,,,,,,,,,,,,,,,,,,
r762,,,,,,,,,,,,,,,,,,,,,,,,
r763,,,,,,,,,,,,,,,,,,,,,,,,
r764,,,,,,,,,,,,,,,,,,,,,,,,
r765,,,,,,,,,,,,,,,,,,,,,,,,
r766,,,,,,,,,,,,,,,,,,,,,,,,
r767,,,,,,,,,,,,,,,,,,,,,,,,
r768,,,,,,,,,,,,,,,,,,,,,,,,
r769,,,,,,,,,,,,,,,,,,,,,,,,
r770,,,,,,,,,,,,,,,,,,,,,,,,
r771,,,,,,,,,,,,,,,,,,,,,,,,
r772,,,,,,,,,,,,,,,,,,,,,,,,
r773,,,,,,,,,,,,,,,,,,,,,,,,
r774,,,,,,,,,,,,,,,,,,,,,,,,
r775,,,,,,,,,,,,,,,,,,,,,,,,
r776,,,,,,,,,,,,,,,,,,,,,,,,
r777,,,,,,,,,,,,,,,,,,,,,,,,
r778,,,,,,,,,,,,,,,,,,,,,,,,
r779,,,,,,,,,,,,,,,,,,,,,,,,
r780,,,,,,,,,,,,,,,,,,,,,,,,
r781,,,,,,,,,,,,,,,,,,,,,,,,
r782,,,,,,,,,,,,,,,,,,,,,,,,
r783,,,,,,,,,,,,,,,,,,,,,,,,
r784,,,,,,,,,,,,,,,,,,,,,,,,
r785,,,,,,,,,,,,,,,,,,,,,,,,
r786,,,,,,,,,,,,,,,,,,,,,,,,
r787,,,,,,,,,,,,,,,,,,,,,,,,
r788,,,,,,,,,,,,,,,,,,,,,,,,
r789,,,,,,,,,,,,,,,,,,,,,,,,
r790,,,,,,,,,,,,,,,,,,,,,,,,
r791,,,,,,,,,,,,,,,,,,,,,,,,
r792,,,,,,,,,,,,,,,,,,,,,,,,
r793,,,,,,,,,,,,,,,,,,,,,,,,
r794,,,,,,,,,,,,,,,,,,,,,,,,
r795,,,,,,,,,,,,,,,,,,,,,,,,
r796,,,,,,,,,,,,,,,,,,,,,,,,
r797,,,,,,,,,,,,,,,,,,,,,,,,
r798,,,,,,,,,,,,,,,,,,,,,,,,
r799,,,,,,,,,,,,,,,,,,,,,,,,
r800,,,,,,,,,,,,,,,,,,,,,,,,
r801,,,,,,,,,,,,,,,,,,,,,,,,
r802,,,,,,,,,,,,,,,,,,,,,,,,
r803,,,,,,,,,,,,,,,,,,,,,,,,
r804,,,,,,,,,,,,,,,,,,,,,,,,
r805,,,,,,,,,,,,,,,,,,,,,,,,
r806,,,,,,,,,,,,,,,,,,,,,,,,
r807,,,,,,,,,,,,,,,,,,,,,,,,
r808,,,,,,,,,,,,,,,,,,,,,,,,
r809,,,,,,,,,,,,,,,,,,,,,,,,
r810,,,,,,,,,,,,,,,,,,,,,,,,
r811,,,,,,,,,,,,,,,,,,,,,,,,
r812,,,,,,,,,,,,,,,,,,,,,,,,
r813,,,,,,,,,,,,,,,,,,,,,,,,
r814,,,,,,,,,,,,,,,,,,,,,,,,
r815,,,,,,,,,,,,,,,,,,,,,,,,
r816,,,,,,,,,,,,,,,,,,,,,,,,
r817,,,,,,,,,,,,,,,,,,,,,,,,
r818,,,,,,,,,,,,,,,,,,,,,,,,
r819,,,,,,,,,,,,,,,,,,,,,,,,
r820,,,,,,,,,,,,,,,,,,,,,,,,
r821,,,,,,,,,,,,,,,,,,,,,,,,
r822,,,,,,,,,,,,,,,,,,,,,,,,
r823,,,,,,,,,,,,,,,,,,,,,,,,
r824,,,,,,,,,,,,,,,,,,,,,,,,
r825,,,,,,,,,,,,,,,,,,,,,,,,
r826,,,,,,,,,,,,,,,,,,,,,,,,
r827,,,,,,,,,,,,,,,,,,,,,,,,
r828,,,,,,,,,,,,,,,,,,,,,,,,
r829,,,,,,,,,,,,,,,,,,,,,,,,
r830,,,,,,,,,,,,,,,,,,,,,,,,
r831,,,,,,,,,,,,,,,,,,,,,,,,
r832,,,,,,,,,,,,,,,,,,,,,,,,
r833,,,,,,,,,,,,,,,,,,,,,,,,
r834,,,,,,,,,,,,,,,,,,,,,,,,
r835,,,,,,,,,,,,,,,,,,,,,,,,
r836,,,,,,,,,,,,,,,,,,,,,,,,
r837,,,,,,,,,,,,,,,,,,,,,,,,
r838,,,,,,,,,,,,,,,,,,,,,,,,
r839,,,,,,,,,,,,,,,,,,,,,,,,
r840,,,,,,,,,,,,,,,,,,,,,,,,
r841,,,,,,,,,,,,,,,,,,,,,,,,
r842,,,,,,,,,,,,,,,,,,,,,,,,
r843,,,,,,,,,,,,,,,,,,,,,,,,
r844,,,,,,,,,,,,,,,,,,,,,,,,
r845,,,,,,,,,,,,,,,,,,,,,,,,
r846,,,,,,,,,,,,,,,,,,,,,,,,
r847,,,,,,,,,,,,,,,,,,,,,,,,
r848,,,,,,,,,,,,,,,,,,,,,,,,
r849,,,,,,,,,,,,,,,,,,,,,,,,
r850,,,,,,,,,,,,,,,,,,,,,,,,
r851,,,,,,,,,,,,,,,,,,,,,,,,
r852,,,,,,,,,,,,,,,,,,,,,,,,
r853,,,,,,,,,,,,,,,,,,,,,,,,
r854,,,,,,,,,,,,,,,,,,,,,,,,
r855,,,,,,,,,,,,,,,,,,,,,,,,
r856,,,,,,,,,,,,,,,,,,,,,,,,
r857,,,,,,,,,,,,,,,,,,,,,,,,
r858,,,,,,,,,,,,,,,,,,,,,,,,
r859,,,,,,,,,,,,,,,,,,,,,,,,
r860,,,,,,,,,,,,,,,,,,,,,,,,
r861,,,,,,,,,,,,,,,,,,,,,,,,
r862,,,,,,,,,,,,,,,,,,,,,,,,
r863,,,,,,,,,,,,,,,,,,,,,,,,
r864,,,,,,,,,,,,,,,,,,,,,,,,
r865,,,,,,,,,,,,,,,,,,,,,,,,
r866,,,,,,,,,,,,,,,,,,,,,,,,
r867,,,,,,,,,,,,,,,,,,,,,,,,
r868,,,,,,,,,,,,,,,,,,,,,,,,
r869,,,,,,,,,,,,,,,,,,,,,,,,
r870,,,,,,,,,,,,,,,,,,,,,,,,
r871,,,,,,,,,,,,,,,,,,,,,,,,
r872,,,,,,,,,,,,,,,,,,,,,,,,
r873,,,,,,,,,,,,,,,,,,,,,,,,
r874,,,,,,,,,,,,,,,,,,,,,,,,
r875,,,,,,,,,,,,,,,,,,,,,,,,
r876,,,,,,,,,,,,,,,,,,,,,,,,
r877,,,,,,,,,,,,,,,,,,,,,,,,
r878,,,,,,,,,,,,,,,,,,,,,,,,
r879,,,,,,,,,,,,,,,,,,,,,,,,
r880,,,,,,,,,,,,,,,,,,,,,,,,
r881,,,,,,,,,,,,,,,,,,,,,,,,
r882,,,,,,,,,,,,,,,,,,,,,,,,
r883,,,,,,,,,,,,,,,,,,,,,,,,
r884,,,,,,,,,,,,,,,,,,,,,,,,
r885,,,,,,,,,,,,,,,,,,,,,,,,
r886,,,,,,,,,,,,,,,,,,,,,,,,
r887,,,,,,,,,,,,,,,,,,,,,,,,
r888,,,,,,,,,,,,,,,,,,,,,,,,
r889,,,,,,,,,,,,,,,,,,,,,,,,
r890,,,,,,,,,,,,,,,,,,,,,,,,
r891,,,,,,,,,,,,,,,,,,,,,,,,
r892,,,,,,,,,,,,,,,,,,,,,,,,
r893,,,,,,,,,,,,,,,,,,,,,,,,
r894,,,,,,,,,,,,,,,,,,,,,,,,
r895,,,,,,,,,,,,,,,,,,,,,,,,
r896,,,,,,,,,,,,,,,,,,,,,,,,
r897,,,,,,,,,,,,,,,,,,,,,,,,
r898,,,,,,,,,,,,,,,,,,,,,,,,
r899,,,,,,,,,,,,,,,,,,,,,,,,
r900,,,,,,,,,,,,,,,,,,,,,,,,
r901,,,,,,,,,,,,,,,,,,,,,,,,
r902,,,,,,,,,,,,,,,,,,,,,,,,
r903,,,,,,,,,,,,,,,,,,,,,,,,
r904,,,,,,,,,,,,,,,,,,,,,,,,
r905,,,,,,,,,,,,,,,,,,,,,,,,
r906,,,,,,,,,,,,,,,,,,,,,,,,
r907,,,,,,,,,,,,,,,,,,,,,,,,
r908,,,,,,,,,,,,,,,,,,,,,,,,
r909,,,,,,,,,,,,,,,,,,,,,,,,
r910,,,,,,,,,,,,,,,,,,,,,,,,
r911,,,,,,,,,,,,,,,,,,,,,,,,
r912,,,,,,,,,,,,,,,,,,,,,,,,
r913,,,,,,,,,,,,,,,,,,,,,,,,
r914,,,,,,,,,,,,,,,,,,,,,,,,
r915,,,,,,,,,,,,,,,,,,,,,,,,
r916,,,,,,,,,,,,,,,,,,,,,,,,
r917,,,,,,,,,,,,,,,,,,,,,,,,
r918,,,,,,,,,,,,,,,,,,,,,,,,
r919,,,,,,,,,,,,,,,,,,,,,,,,
r920,,,,,,,,,,,,,,,,,,,,,,,,
r921,,,,,,,,,,,,,,,,,,,,,,,,
r922,,,,,,,,,,,,,,,,,,,,,,,,
r923,,,,,,,,,,,,,,,,,,,,,,,,
r924,,,,,,,,,,,,,,,,,,,,,,,,
r925,,,,,,,,,,,,,,,,,,,,,,,,
r926,,,,,,,,,,,,,,,,,,,,,,,,
r927,,,,,,,,,,,,,,,,,,,,,,,,
r928,,,,,,,,,,,,,,,,,,,,,,,,
r929,,,,,,,,,,,,,,,,,,,,,,,,
r930,,,,,,,,,,,,,,,,,,,,,,,,
r931,,,,,,,,,,,,,,,,,,,,,,,,
r932,,,,,,,,,,,,,,,,,,,,,,,,
r933,,,,,,,,,,,,,,,,,,,,,,,,
r934,,,,,,,,,,,,,,,,,,,,,,,,
r935,,,,,,,,,,,,,,,,,,,,,,,,
r936,,,,,,,,,,,,,,,,,,,,,,,,
r937,,,,,,,,,,,,,,,,,,,,,,,,
r938,,,,,,,,,,,,,,,,,,,,,,,,
r939,,,,,,,,,,,,,,,,,,,,,,,,
r940,,,,,,,,,,,,,,,,,,,,,,,,
r941,,,,,,,,,,,,,,,,,,,,,,,,
r942,,,,,,,,,,,,,,,,,,,,,,,,
r943,,,,,,,,,,,,,,,,,,,,,,,,
r944,,,,,,,,,,,,,,,,,,,,,,,,
r945,,,,,,,,,,,,,,,,,,,,,,,,
r946,,,,,,,,,,,,,,,,,,,,,,,,
r947,,,,,,,,,,,,,,,,,,,,,,,,
r948,,,,,,,,,,,,,,,,,,,,,,,,
r949,,,,,,,,,,,,,,,,,,,,,,,,
r950,,,,,,,,,,,,,,,,,,,,,,,,
r951,,,,,,,,,,,,,,,,,,,,,,,,
r952,,,,,,,,,,,,,,,,,,,,,,,,
r953,,,,,,,,,,,,,,,,,,,,,,,,
r954,,,,,,,,,,,,,,,,,,,,,,,,
r955,,,,,,,,,,,,,,,,,,,,,,,,
r956,,,,,,,,,,,,,,,,,,,,,,,,
r957,,,,,,,,,,,,,,,,,,,,,,,,
r958,,,,,,,,,,,,,,,,,,,,,,,,
r959,,,,,,,,,,,,,,,,,,,,,,,,
r960,,,,,,,,,,,,,,,,,,,,,,,,
r961,,,,,,,,,,,,,,,,,,,,,,,,
r962,,,,,,,,,,,,,,,,,,,,,,,,
r963,,,,,,,,,,,,,,,,,,,,,,,,
r964,,,,,,,,,,,,,,,,,,,,,,,,
r965,,,,,,,,,,,,,,,,,,,,,,,,
r966,,,,,,,,,,,,,,,,,,,,,,,,
r967,,,,,,,,,,,,,,,,,,,,,,,,
r968,,,,,,,,,,,,,,,,,,,,,,,,
r969,,,,,,,,,,,,,,,,,,,,,,,,
r970,,,,,,,,,,,,,,,,,,,,,,,,
r971,,,,,,,,,,,,,,,,,,,,,,,,
r972,,,,,,,,,,,,,,,,,,,,,,,,
r973,,,,,,,,,,,,,,,,,,,,,,,,
r974,,,,,,,,,,,,,,,,,,,,,,,,
r975,,,,,,,,,,,,,,,,,,,,,,,,
r976,,,,,,,,,,,,,,,,,,,,,,,,
r977,,,,,,,,,,,,,,,,,,,,,,,,
r978,,,,,,,,,,,,,,,,,,,,,,,,
r979,,,,,,,,,,,,,,,,,,,,,,,,
r980,,,,,,,,,,,,,,,,,,,,,,,,
r981,,,,,,,,,,,,,,,,,,,,,,,,
r982,,,,,,,,,,,,,,,,,,,,,,,,
r983,,,,,,,,,,,,,,,,,,,,,,,,
r984,,,,,,,,,,,,,,,,,,,,,,,,
r985,,,,,,,,,,,,,,,,,,,,,,,,
r986,,,,,,,,,,,,,,,,,,,,,,,,
r987,,,,,,,,,,,,,,,,,,,,,,,,
r988,,,,,,,,,,,,,,,,,,,,,,,,
r989,,,,,,,,,,,,,,,,,,,,,,,,
r990,,,,,,,,,,,,,,,,,,,,,,,,
r991,,,,,,,,,,,,,,,,,,,,,,,,
r992,,,,,,,,,,,,,,,,,,,,,,,,
r993,,,,,,,,,,,,,,,,,,,,,,,,
r994,,,,,,,,,,,,,,,,,,,,,,,,
r995,,,,,,,,,,,,,,,,,,,,,,,,
r996,,,,,,,,,,,,,,,,,,,,,,,,
r997,,,,,,,,,,,,,,,,,,,,,,,,
r998,,,,,,,,,,,,,,,,,,,,,,,,
r999,,,,,,,,,,,,,,,,,,,,,,,,